Type,Common Name of Products,Trade Name of Products,Registration No,Name of Registration Holder,Recommended Crops,Recommended Pests,Dosage rate/ha
Miticide,Bromopropylate,Nerot 500 EC,AP-398,Hossain Enterprise C.C.Limited,Jute,Yellow mites,0.05% a.i
Miticide,Bromopropylate,Nerot 500 EC,AP-398,Hossain Enterprise C.C.Limited,Tea,Red mites & other mites,1.12 Litre
Miticide,Bromopropylate,Myron 500 EC,AP-1410,Aungkur Traders,Tea,Red Spider mites,1.00 Litre
Miticide,Ethion,Sethion 46.5 EC,AP-295,Shetu Pesticides Limited,Tea,Red mites & other mites,1.25 Litre
Miticide,Ethion,Ethion 46.5 EC,AP-542,FMC Chemical International AG,Tea,Red mites & other mites,1.26 Litre
Miticide,Ethion,Ethion 46.5 EC,AP-542,FMC Chemical International AG,Jute,Yellow mites & others mites,1.68 Litre
Miticide,Ethion,Ethion 46.5 EC,AP-542,FMC Chemical International AG,Cotton,Mites & White fly,2.50 Litre
Miticide,Ethion,Ethiosul 46.5 EC,AP-777,Hossain Enterprise C.C.Limited,Tea,Red spider mites,1.25 Litre
Miticide,Ethion,Ethiosul 46.5 EC,AP-777,Hossain Enterprise C.C.Limited,Jute,Yellow mite,1.68 Litre
Miticide,Fenpropathrin,Danitol 10 EC,AP-291,Shetu Corporation Limited,Brinjal,Red spider mite,1 ml/Litre of water
Miticide,Fenpropathrin,Danitol 10 EC,AP-291,Shetu Corporation Limited,Tea,Red spider mite,1.00 Litre
Miticide,Hexathazox,Hexarite 5 EC,AP-1388,Naafco (Private) Limited,Tea,Red spider mites,1.00 Litre
Miticide,Propergite,Omite 57 EC,AP-184,Shetu Corporation Limited,Tea,Red spider mites,1.00 Litre
Miticide,Propergite,Omite 57 EC,AP-184,Shetu Corporation Limited,Brinjal,Red mite,1.00 Litre
Miticide,Propergite,Sumite 57 EC,AP-360,McDonald Bangladesh (Pvt) Limited,Tea,Red mites,1.68 Litre
Miticide,Propergite,Emimite 57 EC,AP-1159,Eminence Chemical Industries Ltd,Tea,Red spider mites,1.00 Litre
Miticide,Propergite,Motive 57 EC,AP-1189,Mosco Marketing Company,Tea,Red spider mites,1.00 Litre
Miticide,Propergite,Aromit 57 EC,AP-2308,Sun Seed Pesticides,Tea,Red spider mites,1.00 Litre
Miticide,Propergite,Mastamite 57 EC,AP-2447,Hossain Enterprise C.C. Limited,Tea,Red spider mites,1.00 Litre
Miticide,Sulphur,Microthiol Special 80 WP,AP-252,Shetu Pesticides Limited,Tea,Red mites & other mites,2.20 Kg
Miticide,Sulphur,Microthiol Special 80 WP,AP-252,Shetu Pesticides Limited,Rice,Leaf scald,2.25 Kg
Miticide,Sulphur,Limi Sulphur 80 WP,AP-292,The Limit Agroproducts Limited,Jute,Yellow mites,1.68 Kg
Miticide,Sulphur,Limi Sulphur 80 WP,AP-292,The Limit Agroproducts Limited,Tea,Red mites,2.20 Kg
Miticide,Sulphur,Sulfex 80 WP,AP-356,Auto Crop Care Limited,Jute,Yellow mites,1.50 gm/Litre of water
Miticide,Sulphur,Sulfex 80 WP,AP-356,Auto Crop Care Limited,Tea,Red spider mite,2.20 Kg
Miticide,Sulphur,Sulphotox 80 WP,AP-357,ACI Formulations Limited,Jute,Yellow mites,1.50 gm/Litre of water
Miticide,Sulphur,Sulphotox 80 WP,AP-357,ACI Formulations Limited,Tea,Red mites,2.20 Kg
Miticide,Sulphur,Wettasul 80 WP,AP-358,Alpha Agro Limited,Jute,Yellow mites,1.50 gm/Litre of water
Miticide,Sulphur,McSulphur 80 WP,AP-367,McDonald Bangladesh (Pvt) Limited,Jute,Yellow mite,0.12 (1.5gm/Litre of wa.)
Miticide,Sulphur,McSulphur 80 WP,AP-367,McDonald Bangladesh (Pvt) Limited,Tea,"Red spider,Scarlet,Purple,Pink mites",2.25 Kg
Miticide,Sulphur,McSulphur 80 WP,AP-367,McDonald Bangladesh (Pvt) Limited,Cucurbits,Powdery mildew,2 gm/Litre of water
Miticide,Sulphur,Ronovit 80 WG,AP-388,Bayer CropScience Limited,Tea,Red spider mites,2.20 Kg
Miticide,Sulphur,Ronovit 80 WG,AP-388,Bayer CropScience Limited,Jute,Yellow mites,0.12% formulated
Miticide,Sulphur,Cosavet DF,AP-397,Alpha Agro Limited,Jute,Yellow mites,880 gm
Miticide,Sulphur,Cosavet DF,AP-397,Alpha Agro Limited,Tea,Red mites,2.20 Kg
Miticide,Sulphur,Cosavet DF,AP-397,Alpha Agro Limited,Cucurbits,Powdery mildew,2 gm/Litre of water
Miticide,Sulphur,Sulphur 80 WP,AP-392,Reximco Insecticides Limited,Jute,Yellow mites,0.12% a.i.
Miticide,Sulphur,Sulphur 80 WP,AP-392,Reximco Insecticides Limited,Tea,Mites,2.20 Kg
Miticide,Sulphur,Sulphur 80 WP,AP-392,Reximco Insecticides Limited,Cucurbits,Powdery mildew,1.25 gm/Litre of water
Miticide,Sulphur,Sulfolac 80% WG,AP-413,Haychem (Bangladesh) Limited,Jute,Yellow Mites,2.20 Kg
Miticide,Sulphur,Sulfolac 80% WG,AP-413,Haychem (Bangladesh) Limited,Cucurbits,Powdery mildew,1.25 gm/Litre of water
Miticide,Sulphur,Sulfolac 80% WG,AP-413,Haychem (Bangladesh) Limited,Tea,Red mites,2.20 Kg
Miticide,Sulphur,Sulfolac 80% WG,AP-413,Haychem (Bangladesh) Limited,Rice,Leaf scald,2.25 Kg
Miticide,Sulphur,Filvit 80 WG,AP-480,Agritech,Tea,Red mites,2.20 Kg
Miticide,Sulphur,Haysulf DF 80%,AP-481,Haychem (Bangladesh) Limited,Tea,Red mites,2.20 Kg
Miticide,Sulphur,Haysulf DF 80%,AP-481,Haychem (Bangladesh) Limited,Cucurbits,Powdery mildew,2 gm/Litre of water
Miticide,Sulphur,Haysulf DF 80%,AP-481,Haychem (Bangladesh) Limited,Jute,Yellow mites,0.12 a.i
Miticide,Sulphur,Haysulf DF 80%,AP-481,Haychem (Bangladesh) Limited,Coriander,Powdery mildew,2 gm/Litre of water
Miticide,Sulphur,Phytovit 80 DF,AP-510,Axil Life Sciences Limited,Cucurbits,Powdery mildew,2 gm/Litre of water
Miticide,Sulphur,Phytovit 80 DF,AP-510,Axil Life Sciences Limited,Jute,Yellow mites,1.75 Kg
Miticide,Sulphur,Vitasul 80 WP,AP-513,Padma Agro Sprayers Co.,Cucurbits,Powdery mildew,2 gm/Litre of water
Miticide,Sulphur,Prosulf 80% DF,AP-529,Haychem (Bangladesh) Limited,Tea,Red mites,2.25 Kg
Miticide,Sulphur,Prosulf 80% DF,AP-529,Haychem (Bangladesh) Limited,Jute,Yellow mites,1.75 Kg
Miticide,Sulphur,Kumulus DF,AP-548,BASF Bangladesh Limited,Tea,Red spider mites & other mites,2.20 Kg
Miticide,Sulphur,Kumulus DF,AP-548,BASF Bangladesh Limited,"Bottle gourd, Potato",Powdery mildew,2.00 kg
Miticide,Sulphur,Kumulus DF,AP-548,BASF Bangladesh Limited,"Cucumber,Teasle gourd",Powdery mildew,2.00 kg
Miticide,Sulphur,Kumulus DF,AP-548,BASF Bangladesh Limited,"Bitter gourd, Bean,",Powdery mildew,2.00 kg
Miticide,Sulphur,Kumulus DF,AP-548,BASF Bangladesh Limited,"Cabbage,",Powdery mildew,2.00 kg
Miticide,Sulphur,Kumulus DF,AP-548,BASF Bangladesh Limited,"Snake gourd,",Powdery mildew,2.00 kg
Miticide,Sulphur,Kumulus DF,AP-548,BASF Bangladesh Limited,"gourd, Watermelon",Powdery mildew,2.00 kg
Miticide,Sulphur,Kumulus DF,AP-548,BASF Bangladesh Limited,Rice,Leaf scald,2.50 Kg
Miticide,Sulphur,Thiovit 80 WG,AP-552,Syngenta Bangladesh Limited,Jute,Yellow & Red mites,3.30 Kg
Miticide,Sulphur,Thiovit 80 WG,AP-552,Syngenta Bangladesh Limited,"Bottle gourd,",Powdery mildew,2.25 Kg
Miticide,Sulphur,Thiovit 80 WG,AP-552,Syngenta Bangladesh Limited,"Cucumber,",Powdery mildew,2.25 Kg
Miticide,Sulphur,Thiovit 80 WG,AP-552,Syngenta Bangladesh Limited,"Bitter gourd,",Powdery mildew,2.25 Kg
Miticide,Sulphur,Thiovit 80 WG,AP-552,Syngenta Bangladesh Limited,"Teasel gourd,",Powdery mildew,2.25 Kg
Miticide,Sulphur,Thiovit 80 WG,AP-552,Syngenta Bangladesh Limited,"gourd, Watermelon",Powdery mildew,2.25 Kg
Miticide,Sulphur,Thiovit 80 WG,AP-552,Syngenta Bangladesh Limited,Tomato,Wilt,2.25 Kg
Miticide,Sulphur,Thiovit 80 WG,AP-552,Syngenta Bangladesh Limited,Tea,Mites,2.25 Kg
Miticide,Sulphur,Thiovit 80 WG,AP-552,Syngenta Bangladesh Limited,Sugarcane,Powdery mildew,3.30 Kg
Miticide,Sulphur,Thiovit 80 WG,AP-552,Syngenta Bangladesh Limited,Rice,Leaf scald,2.50 Kg
Miticide,Sulphur,Corovit 80 WG,AP-562,Corbel Chemical Industries Ltd.,Tea,Red mites,2.25 Kg
Miticide,Sulphur,Agrovet DF,AP-563,Atherton Imbros Company Limited,Tea,Red mites,2.25 Kg
Miticide,Sulphur,Agrovet DF,AP-563,Atherton Imbros Company Limited,Cucurbits,Powdery mildew,2 gm/Litre of water
Miticide,Sulphur,Gayvet 80 DF,AP-659,Square Pharmaceuticals Limited,Tea,Red  mites,2.25 Kg
Miticide,Sulphur,Petsul 80 WP,AP-660,Home Pest Control,Tea,Red  mites,2.25 Kg
Miticide,Sulphur,Sulvit 80 WP,AP-706,Prime Ago Limited,Tea,Red  mites,2.25 Kg
Miticide,Sulphur,Sulfochem 80 WDG,AP-734,Haychem (Bangladesh) Limited,Tea,Red spider mite,2.25 Kg
Miticide,Sulphur,Sulfochem 80 WDG,AP-734,Haychem (Bangladesh) Limited,Cucurbit,Powdery mildew,2 gm/Litre of water
Miticide,Sulphur,Sulfochem 80 WDG,AP-734,Haychem (Bangladesh) Limited,Jute,Yellow mite,2.20 Kg
Miticide,Sulphur,Multiplex 80 WP,AP-735,Bangladesh Agricultural Industries,Tea,Red spider mite,2.25 Kg
Miticide,Sulphur,Comet 80 WP,AP-736,Global Agrovet Limited,Tea,Red spider mite,2.25 Kg
Miticide,Sulphur,Comet 80 WP,AP-736,Global Agrovet Limited,Cucurbits,Powdery mildew,2 gm/Litre of water
Miticide,Sulphur,Mycosul 80% WDG,AP-744,Mamun Agro Products Limited,Cucurbit,Powdery mildew,2 gm/Litre of water
Miticide,Sulphur,Mycosul 80% WDG,AP-744,Mamun Agro Products Limited,Jute,Yellow mite,2.25 Kg
Miticide,Sulphur,Mycosul 80% WDG,AP-744,Mamun Agro Products Limited,Tea,Red spider mite,2.25 Kg
Miticide,Sulphur,Supervit 80 DF,AP-745,Larsen Chemical Industries (Pvt) Ltd.,Tea,Red spider mite,1.25 Kg
Miticide,Sulphur,Supervit 80 DF,AP-745,Larsen Chemical Industries (Pvt) Ltd.,Jute,Yellow mite,1.75 Kg
Miticide,Sulphur,Insaf 80 WP,AP-746,United Phosphorus (Bangladesh) Ltd,Cucurbit,Powdery mildew,2 gm/Litre of water
Miticide,Sulphur,Monovit 80 WP,AP-864,Mimpex Agrochemicals Limited,Cucurbits,Powdery mildew,2 gm/Litre of water
Miticide,Sulphur,Monovit 80 WP,AP-864,Mimpex Agrochemicals Limited,Garden pea,Powdery mildew,2 gm/Litre of water
Miticide,Sulphur,Monovit 80 WP,AP-864,Mimpex Agrochemicals Limited,Tomato,Wilt,2 gm/Litre of water
Miticide,Sulphur,Aimcoflo 80 WDG,AP-869,ACI Formulations Limited,Jute,Yellow mite,2.20 Kg
Miticide,Sulphur,Orovit 80 WG,AP-870,Oroni International Limited,Jute,Yellow mite,2.20 Kg
Miticide,Sulphur,Orovit 80 WG,AP-870,Oroni International Limited,Cucurbits,Powdery mildew,2 gm/Litre of water
Miticide,Sulphur,Agrisulf 80 DF,AP-884,M. Hossain Enterprise,Tea,Red spider mite,125 gm/Litre of water
Miticide,Sulphur,Nanthion 80 DF,AP-887,Hossain Enterprise C.C.Limited,Tea,Red spider mite,125 gm/Litre of water
Miticide,Sulphur,Nanthion 80 DF,AP-887,Hossain Enterprise C.C.Limited,Mango,Powdery mildew,2 gm/Litre of water
Miticide,Sulphur,Edsulf 80 DF,AP-889,Nokon Limited,Tea,Red spider mite,125 gm/Litre of water
Miticide,Sulphur,Edsulf 80 DF,AP-889,Nokon Limited,Garden pea,Powdery mildew,2 gm/Litre of water
Miticide,Sulphur,Edsulf 80 DF,AP-889,Nokon Limited,Jute,Yellow mites,2.25 Kg
Miticide,Sulphur,Naafsal 80 WP,AP-979,Naafco (Private) Limited,Garden pea,Powdery mildew,2 gm/Litre of water
Miticide,Sulphur,Dentol 80 WP,AP-982,Maitri Agro Industries,Ground nut,Tikka,2 gm/Litre of water
Miticide,Sulphur,Microvit 80 WG,AP-987,Global Agrochemicals Limited,Mango,Powdery mildew,2 gm/Litre of water
Miticide,Sulphur,Trisul 80 WP,AP-991,Agrimax Bangladesh Limited,Tea,Red spider mites,2.25 Kg
Miticide,Sulphur,Rexivit 80 WP,AP-996,Reximco Insecticides Limited,Tea,Red spider mites,2.25 Kg
Miticide,Sulphur,Microthiol Special Disperses 80 WG,AP-1028,Shetu Marketing Company,Jute,Powdery mildew,2.25 Kg
Miticide,Sulphur,Greensul 80 WG,AP-1048,ACI Formulations Limited,Garden pea,Powdery mildew,2 gm/Litre of water
Miticide,Sulphur,Sunvet 80 DF,AP-1056,Home Pest Control,Tea,Red spider mite,2.25 Kg
Miticide,Sulphur,Mysulf 80 WG,Ap-1060,Agribusiness International,Tea,Red spider mite,2.25 Kg
Miticide,Sulphur,Arozim 80 WG,AP-1064,Aranya Crop Care Limited,Jute,Yellow spider mite,3.30 Kg
Miticide,Sulphur,Arozim 80 WG,AP-1064,Aranya Crop Care Limited,Garden pea,Powdery mildew,2.20 Kg
Miticide,Sulphur,Thiosul 80 DF,AP-1064,Maitri Agro Industries,Tea,Red spider mite,2.25 Kg
Miticide,Sulphur,Thiosul 80 DF,AP-1064,Maitri Agro Industries,Garden pea,Powdery mildew,2 gm/Litre of water
Miticide,Sulphur,Thiolux 80 WP,AP-1068,Agro Business Support Limited,Tea,Red spider mite,2.25 Kg
Miticide,Sulphur,Thiolux 80 WP,AP-1068,Agro Business Support Limited,Jute,Yellow mite,2.20 Kg
Miticide,Sulphur,Milvit 80 WG,AP-1093,SARK Bangladesh,Jute,Yellow Spider mite,3.30 Kg
Miticide,Sulphur,Milvit 80 WG,AP-1093,SARK Bangladesh,Garden pea,Powdery mildew,2 gm/Litre of water
Miticide,Sulphur,Acmesulf 80 WDG,AP-1116,Biochem International,Garden pea,Powdery mildew,2 gm/Litre of water
Miticide,Sulphur,Rekha Sulphur 80 WP,AP-1217,T H Pesticides,Tea,Red spider mites,2.25 Kg
Miticide,Sulphur,Eco Sulphur 80 WP,AP-1238,Amco Agricultural Industries,Tea,Red spider mites,2.25 Kg
Miticide,Sulphur,Eco Sulphur 80 WP,AP-1238,Amco Agricultural Industries,Cucurbits,Powdery mildew,2 gm/Litre of water
Miticide,Sulphur,Newvit 80 WG,AP-1239,Pace Agro Industries Limited,Tea,Red spider mites,2.25 Kg
Miticide,Sulphur,Energy 80 WG,AP-1240,Eon Agro Industries Limited,Tea,Red spider mites,2.25 Kg
Miticide,Sulphur,Energy 80 WG,AP-1240,Eon Agro Industries Limited,Jute,Yellow mites,1.75 Kg
Miticide,Sulphur,Seaovit 80 WG,AP-1267,Sea Trade Fertilizer Limited,Jute,Yellow mites,1.50 Kg
Miticide,Sulphur,Seaovit 80 WG,AP-1267,Sea Trade Fertilizer Limited,Cucurbit,Powdery mildew,2 gm/Litre of water
Miticide,Sulphur,Seaovit 80 WG,AP-1267,Sea Trade Fertilizer Limited,Tea,Red spider mite,2.25 Kg/1000 lt water
Miticide,Sulphur,Ravvit 80 WG,AP-1268,Raven Agro Chemicals Limited,Tea,Red spider mites,2.25 Kg
Miticide,Sulphur,Ravvit 80 WG,AP-1268,Raven Agro Chemicals Limited,Jute,Yellow mites,1.75 Kg
Miticide,Sulphur,Mapsul 80 DF,AP-1269,MAP Agro Industries Limited,Jute,Yellow mites,1.75 Kg
Miticide,Sulphur,Mapsul 80 DF,AP-1269,MAP Agro Industries Limited,Tea,Red spider mite,2.25 Kg/1000 lt water
Miticide,Sulphur,CP-Vit 80 WDG,AP-1346,Crop Protection & Care Center,Cucurbit,Powdery mildew,2 gm/Litre of water
Miticide,Sulphur,Hivit 80 WDG,AP-1378,S I Agro International,Tomato,Early blight,2 gm/Litre of water
Miticide,Sulphur,Sulfavit 80 WG,AP-1399,Marshal Agrovet Chemical Industries Ltd,Tea,Red spider mites,2.20 Kg
Miticide,Sulphur,Sulfavit 80 WG,AP-1399,Marshal Agrovet Chemical Industries Ltd,Jute,Yellow mite,2.20 Kg
Miticide,Sulphur,Sulfavit 80 WG,AP-1399,Marshal Agrovet Chemical Industries Ltd,Cucurbit,Powdery mildew,2 gm/Litre of water
Miticide,Sulphur,McSulphur Gold 80 WG,AP-1400,McDonald Bangladesh (Pvt) Limited,Tea,Red spider mites,2.20 Kg
Miticide,Sulphur,McSulphur Gold 80 WG,AP-1400,McDonald Bangladesh (Pvt) Limited,Cucurbit,Powdery mildew,2 gm/Litre of water
Miticide,Sulphur,PolySuf 80 WG,AP-1401,McDonald Crop Care Limited,Tea,Red spider mites,2.20 Kg
Miticide,Sulphur,PolySuf 80 WG,AP-1401,McDonald Crop Care Limited,Cucurbit,Powdery mildew,2 gm/Litre of water
Miticide,Sulphur,Power 80 WP,AP-1419,Standard Yes Company,Tea,Red spider mites,2.20 Kg/1000 litre of water
Miticide,Sulphur,Newsulf 80 WDG,AP-1425,Integrated Crop Solution Bangladesh,Tea,Red spider mites,2.25 Kg
Miticide,Sulphur,Newsulf 80 WDG,AP-1425,Integrated Crop Solution Bangladesh,Jute,Yellow mite,2.20 Kg
Miticide,Sulphur,Baisulphur 80 WG,AP-1426,Bangladesh Agricultural Industries,Tea,Red spider mites,2.25 Kg
Miticide,Sulphur,Genevit 80 DF,AP-1437,General Agro Chemicals Limited,Tea,Red spider mites,2.25 Kg/1000 litre of water
Miticide,Sulphur,Rover 80 WG,AP-1510,Crop Protection & Care Center,Tea,Red spider mites,2.25 Kg
Miticide,Sulphur,Seavovit 80 WG,AP-1511,Sealand Agro Industries Limited,Tea,Red spider mites,2.25 Kg
Miticide,Sulphur,Herosulf 80 WG,AP-1624,A M Traders,Jute,Yellow mites,2.25 Kg
Miticide,Sulphur,Herosulf 80 WG,AP-1624,A M Traders,Tea,Red spider mite,2.25 Kg
Miticide,Sulphur,Herosulf 80 WG,AP-1624,A M Traders,Cucurbit,Powdery mildew,2 gm/Litre of water
Miticide,Sulphur,Saniron 80 WDG,AP-1629,Sweet Agrovet Limited,Jute,Yellow mites,2.25 Kg
Miticide,Sulphur,Saniron 80 WDG,AP-1629,Sweet Agrovet Limited,Tea,Red spider mite,2.25 Kg
Miticide,Sulphur,Hisulfur 80 WP,AP-1634,Hazi Abdul Hakim Sawdagor,Jute,Yellow mites,2.25 Kg
Miticide,Sulphur,Sahar 80 WDG,AP-1635,Intefa,Jute,Yellow mites,2.25 Kg
Miticide,Sulphur,Sahar 80 WDG,AP-1635,Intefa,Tea,Red spider mite,
Miticide,Sulphur,Sahar 80 WDG,AP-1635,Intefa,Cucurbit,Powdery mildew,2 gm/Litre of water
Miticide,Sulphur,Sulfox 80 WDG,AP-1636,ACI Formulations Limited,Jute,Yellow mites,1.75 Kg
Miticide,Sulphur,Sulfox 80 WDG,AP-1636,ACI Formulations Limited,Tea,Red spider mite,2.25 Kg
Miticide,Sulphur,Wonderful 80 WG,AP-1672,Aama Green Care,Mango,Powdery mildew,2 gm/Litre of water
Miticide,Sulphur,Wonderful 80 WG,AP-1672,Aama Green Care,Tea,Red spider mites,2.25 Kg
Miticide,Sulphur,Wonderful 80 WG,AP-1672,Aama Green Care,Cucurbits,Powdery mildew,2 gm/Litre of water
Miticide,Sulphur,Shaheen 80 WP,AP-1673,T H Pesticides,Mango,Powdery mildew,2 gm/Litre of water
Miticide,Sulphur,Shaheen 80 WP,AP-1673,T H Pesticides,Tea,Red spider mites,2.25 Kg
Miticide,Sulphur,Green Sulphur 90 WP,AP-1674,Green Harvest Limited,Mango,Powdery mildew,2 gm/Litre of water
Miticide,Sulphur,Green Sulphur 90 WP,AP-1674,Green Harvest Limited,Tea,Red spider mites,2.25 Kg
Miticide,Sulphur,Sulphin 80 WG,AP-1707,Medicon Agrovet Limited,Mango,Powdery mildew,2 gm/Litre of water
Miticide,Sulphur,Evavit 80 WG,AP-1845,E H & Agrovet Limited,Tea,Red spider mites,2.25 Kg
Miticide,Sulphur,Evavit 80 WG,AP-1845,E H & Agrovet Limited,Cucurbit,Powdery mildew,2 gm/Litre of water
Miticide,Sulphur,Evavit 80 WG,AP-1845,E H & Agrovet Limited,Jute,Yellow mite,1.75 Kg
Miticide,Sulphur,Starvit 80 WDG,AP-1862,Omnichem Limited,Tea,Red spider mites,2.25 Kg
Miticide,Sulphur,Sayon 80 WG,AP-1863,Dreamland Agro Products,Tea,Red spider mites,2.25 Kg
Miticide,Sulphur,Arenavit WDG,AP-1864,Agro Arena Associates,Tea,Red spider mites,2.25 Kg
Miticide,Sulphur,Arenavit WDG,AP-1864,Agro Arena Associates,Jute,Yellow mites,3.30 Kg
Miticide,Sulphur,Readyvit 80 WDG,AP-1865,Mosco Marketing Company,Tea,Red spider mites,2.25 Kg
Miticide,Sulphur,Readyvit 80 WDG,AP-1865,Mosco Marketing Company,Cucurbit,Powdery mildew,2 gm/Litre of water
Miticide,Sulphur,Ciphur 80 WDG,AP-1866,Surovi Agro Industries Limited,Tea,Red spider mites,2.25 Kg
Miticide,Sulphur,Synovit 80 WG,AP-1911,Assign Crop Care Limited,Jute,Yellow mites,2.20 Kg
Miticide,Sulphur,Synovit 80 WG,AP-1911,Assign Crop Care Limited,Tea,Red Spider mite,2.25 Kg
Miticide,Sulphur,Sinovit 80 WDG,AP-1912,Safi Agro,Jute,Yellow mites,1.00 Kg
Miticide,Sulphur,Silika 80 WG,AP-1914,Syngenta Bangladesh Limited,Cucurbit,Powdery mildew,2.25 Kg
Miticide,Sulphur,Amanot 80 WDG,AP-1919,ACE Farming Solution,Jute,Yellow mites,2.20 Kg
Miticide,Sulphur,Kazivit 80 WDG,AP-1971,K S Agro Crop Care,Jute,Yellow mites,1.00 Kg
Miticide,Sulphur,S-Sulfur 80 WP,AP-2069,Baly Agro,Jute,Yellow mite,1.68 Kg
Miticide,Sulphur,S-Sulfur 80 WP,AP-2069,Baly Agro,Tea,Red Spider mite,2.25 Kg
Miticide,Sulphur,Vita-Sul 80 WDG,AP-2070,Sadik Agrochemicals Co.,Jute,Yellow mites,600 Kg
Miticide,Sulphur,Greener 80 WDG,AP-2072,Valent Tech Limited,Jute,Yellow mites,2.25 Kg
Miticide,Sulphur,Greener 80 WDG,AP-2072,Valent Tech Limited,Cucurbit,Powdery mildew,2 gm/Litre of water
Miticide,Sulphur,Goldivit 80 DF,AP-2073,Golden Agro Chemicals Ltd,Tea,Red Spider mite,2.25 Kg
Miticide,Sulphur,Silva Gold 80 WDG,AP-2074,Siraj Agro International,Cucurbit,Powdery mildew,2 gm/Litre of water
Miticide,Sulphur,Dewvit 80 WDG,AP-2075,D M International,Tea,Red Spider mite,2.25 Kg
Miticide,Sulphur,Rajvit 80 WDG,AP-2076,Bongshe Moharaj & Agro Technology,Tea,Red Spider mite,2.25 Kg
Miticide,Sulphur,Lal Teer Insuf 80 WDG,AP-2077,Chens Crop-Science Bangladesh Ltd,Tea,Red Spider mite,2.25 Kg
Miticide,Sulphur,Surya 80 WDG,AP-2078,Sony Enterprise,Mango,Powdery mildew,2 gm/Litre of water
Miticide,Sulphur,Greenvit 80 WDG,AP-2079,Blessing Agrovet Industries Limited,Cucurbit,Powdery mildew,2 gm/Litre of water
Miticide,Sulphur,Getvit 80 WDG,AP-2080,Getco Agro Vision Limited,Cucurbit,Powdery mildew,2 gm/Litre of water
Miticide,Sulphur,Sulfin 80 WDG,AP-2081,Petrochem Agro Industries Ltd,Cucurbit,Powdery mildew,2 gm/Litre of water
Miticide,Sulphur,Fivavit 80 WG,AP-2082,China Agro,Cucurbit,Powdery mildew,2 gm/Litre of water
Miticide,Sulphur,Ricovet 80WG,AP-2230,Rico Agrovet,Tea,Red Spider Mite,2.25 Kg
Miticide,Sulphur,Lavet 80 WP,AP-2231,Lark International,Jute,Yellow Mite,2.25 Kg
Miticide,Sulphur,Sulforaj 80 WG,AP-2232,Sun Seed Pesticides,Tea,Red Spider Mite,2.25 Kg
Miticide,Sulphur,Phytovit 80 WDG,AP-2233,Axil Life Sciences Limited,Tea,Red Spider Mite,2.25 Kg
Miticide,Sulphur,Bycovit 80 WDG,AP-2234,Byco Agro Chemicals,Tea,Red Spider Mite,2.25 Kg
Miticide,Sulphur,Domisul 80 WDG,AP-2235,Helianthus Corporation Limited,Tea,Red Spider Mite,2.25 Kg
Miticide,Sulphur,Domisul 80 WDG,AP-2235,Helianthus Corporation Limited,Cucurbit,Powdery mildew,2 mg/Litre of water
Miticide,Sulphur,Powervit 80 WDG,AP-2236,Perfect Agro Care,Tea,Red Spider Mite,2.25 Kg
Miticide,Sulphur,My Vit 80 WDG,AP-2237,Green Crop Care Limited,Tea,Red Spider Mite,2.25 Kg
Miticide,Sulphur,My Vit 80 WDG,AP-2237,Green Crop Care Limited,Mango,Powdery mildew,2 gm/Litre of water
Miticide,Sulphur,Egsul 80 WP,AP-2238,Energy Agrochemicals,Tea,Red Spider Mite,2.25 Kg
Miticide,Sulphur,Rexivit 80 WDG,AP-2315,Reximco Insecticides Limited,Tea,Red Spider Mite,2.25 Kg
Miticide,Sulphur,MS Sulphur 80 WP,AP-2427,M S Agro Chemicals Company Ltd,Cucurbit,Powdery mildew,2.25 K
Miticide,Sulphur,Emisulf 80 WG,AP-2428,Eminence Chemical Industries Ltd,Tea,Red spider mite,2.25 Kg
Miticide,Sulphur,Emisulf 80 WG,AP-2428,Eminence Chemical Industries Ltd,Jute,Yellow mite,2.20 K
Miticide,Sulphur,Hadiavit 80 WDG,AP-2429,Genetica,Tea,Red spider mite,2.25 Kg
Miticide,Sulphur,Hadiavit 80 WDG,AP-2429,Genetica,Jute,Yellow mite,2.20 K
Miticide,Sulphur,Hadiavit 80 WDG,AP-2429,Genetica,Cucurbit,Powdery mildew,2 gm/Litre of water
Miticide,Sulphur,T. Far 80 WDG,AP-2430,Tajarat Agro Industries Limited,Mango,Powdery mildew,2.25 gm/Litre of water
Miticide,Sulphur,Quevit  80 WDG,AP-2432,Unique Agro Technology Ltd,Cucurbit,Powdery mildew,2 gm/Litre of water
Miticide,Sulphur,Ashavit 80 WDG,AP-2433,Asia Trade International,Cucurbit,Powdery mildew,2 gm/Litre of water
Miticide,Sulphur,R-Vit 80 WDG,AP-2434,Bengal Agro Chemicals Industries,Cucurbit,Powdery mildew,2 gm/Litre of water
Miticide,Sulphur,Goldvit 80 WDG,AP-2435,Mary Gold Agro Science,Cucurbit,Powdery mildew,2 gm/Litre of water
Miticide,Sulphur,Sulfomart 80 WDG,AP-2436,Smart Agrovet,Cucurbit,Powdery mildew,2 gm/Litre of water
Miticide,Sulphur,Sulfomart 80 WDG,AP-2436,Smart Agrovet,Jute,Yellow mite,2.20 Kg
Miticide,Sulphur,Siamvit 80 WDG,AP-2437,Siam Crop Care,Cucurbit,Powdery mildew,2 gm/Litre of water
Miticide,Sulphur,Siamvit 80 WDG,AP-2437,Siam Crop Care,Tea,Red Spider Mite,2.25 Kg
Miticide,Sulphur,Mytivit 80 WDG,AP-2438,Green Care Bangladesh,Cucurbit,Powdery mildew,2 gm/Litre of water
Miticide,Sulphur,Mc Vit 80 DF,AP-2439,McDonald Bangladesh (Pvt) Limited,Cucurbit,Powdery mildew,2 gm/Litre of water
Miticide,Sulphur,Muktavit 55 SC,AP-2440,New Life Agro Chemicals,Cucurbit,Powdery mildew,1 ml/Litre of water
Miticide,Sulphur,Dekosulf 80 DF,AP-2441,Agrinet Crop Care Bangladesh,Cucurbit,Powdery mildew,2 gm/Litre of water
Miticide,Sulphur,Thiospecial 80 DF,AP-2442,Northern Crop Care Limited,Jute,Yellow mite,2.20 Kg
Miticide,Sulphur,Piron 80 WDG,AP-2443,Nokon Limited,Jute,Yellow mite,2.20 Kg
Miticide,Sulphur,Hayvit 80 WDG,AP-2444,Haychem (Bangladesh) Limited,Jute,Yellow mite,2.20 Kg
Miticide,Sulphur,Rajsulf 80 WDG,AP-2445,Rajib Agro Chemicals Limited,Jute,Yellow mite,2.20 Kg
Miticide,Sulphur,Mituvit 80 WDG,AP-2771,Sabir Fertilizer & Chemical Complex Ltd,Jute,Yellow mite,2.25 Kg
Miticide,Sulphur,Netsul 80 WDG,AP-2818,Agronet Crop Science Limited,Jute,Yellow mite,2.25 Kg
Miticide,Sulphur,Gilsulphur 80 WDG,AP-3068,Gourab Industries Limited,Tea,Red Spider Mite,2.25 Kg
Miticide,Sulphur,Sosul 80 WDG,AP-3069,ST Trading Corporation,Tea,Red Spider Mite,2.25 Kg
Miticide,Sulphur,Gurvit 80 WDG,AP-3070,Gurpukur Corporation,Jute,Yellow Mite,2.25 Kg
Miticide,Sulphur,Delcosul 80 WDG,AP-3071,Delco Agro Industries,Jute,Yellow Mite,2.25 Kg
Miticide,Sulphur,T-Sulphur 80 WDG,AP-3072,Tajarat Agro Industries Limited,Tomato,Wilt,2 gm/Litre of water
Miticide,Sulphur,Cumix 80 WDG,AP-3073,Agro Link (BD),Jute,Yellow Mite,2.25 Kg
Miticide,Sulphur,Cumix 80 WDG,AP-3073,Agro Link (BD),Cucumber,Powdery mildew,2 gm/Litre of water
Miticide,Sulphur,Cumix 80 WDG,AP-3073,Agro Link (BD),Tea,Red spider mite,2.25 Kg
Miticide,Sulphur,Gemulus 80 WDG,AP-3074,GME Agro Limited,Jute,Yellow Mite,2.25 Kg
Miticide,Sulphur,Gemulus 80 WDG,AP-3074,GME Agro Limited,Tea,Red spider mite,2.25 Kg
Miticide,Sulphur,Dhaksul 80 WDG,AP-3075,Dhaka Crop Care,Jute,Yellow Mite,2.25 Kg
Miticide,Sulphur,Zidan 80 DF,AP-3076,Rahman Pesticide & Chemicals Co.,Tomato,Wilt,2 mg/Litre of water
Miticide,Sulphur,Wellvit 80 WP,AP-3077,All Well Agrotech,Tea,Red Spider Mite,2.25 Kg
Miticide,Sulphur,Threevit 80 WG,AP-3078,Sun Corporation,Tea,Red Spider Mite,2.25 Kg
Miticide,Sulphur,Alphavet 80 WDG,AP-3209,Alpha Agro Limited,Cucumber,Powdery mildew,2 mg/Litre of water
Miticide,Sulphur,Medivit 80 WDG,AP-3210,Medicon Agrovet Limited,Cucumber,Powdery mildew,2 mg/Litre of water
Miticide,Sulphur,Agrovet 80 WDG,AP-3211,Atherton Imbros Company Limited,Cucumber,Powdery mildew,2 mg/Litre of water
Miticide,Sulphur,Ecovet 80 WDG,AP-3212,Amco Agricultural Industries,Cucumber,Powdery mildew,2 mg/Litre of water
Miticide,Sulphur,Bicolus 80 WDG,AP-3213,Bismillah Corporation Limited,Cucumber,Powdery mildew,2 mg/Litre of water
Miticide,Sulphur,Icovit 80 WDG,AP-3214,ICI Agricare,Cucumber,Powdery mildew,2 mg/Litre of water
Miticide,Sulphur,Fasalvit 80 WG,AP-3219,Fasal Agro Industries Limited,Cucumber,Powdery mildew,2 mg/Litre of water
Miticide,Sulphur,Fasalvit 80 WG,AP-3219,,Tea,Red spider mite,2.25 Kg
Miticide,Sulphur,Prithavit 80 WDG,AP-3221,Green Link International,Cucumber,Powdery mildew,2 mg/Litre of water
Miticide,Sulphur,Monivit 80 WG,AP-3222,Agro Monitor,Cucumber,Powdery mildew,2 mg/Litre of water
Miticide,Sulphur,N-vit 80 WG,AP-3223,Nahar Agro International,Sweet gourd,Powdery mildew,2 mg/Litre of water
Miticide,Sulphur,Eversulf 80 DF,AP-3224,Evergreen Crop Care Limited,Sweet gourd,Powdery mildew,2 mg/Litre of water
Miticide,Sulphur,Adsulf 80 DF,AP-3225,Advanced Agricultural Solusion Ltd,Sweet gourd,Powdery mildew,2 mg/Litre of water
Miticide,Sulphur,Greatvit 80 WG,AP-3226,Great Agro Care,Cucumber,Powdery mildew,2 mg/Litre of water
Miticide,Sulphur,Sahvit 80 WG,AP-3237,Shahjalal Agro Industries,Cucumber,Powdery mildew,2 mg/Litre of water
FUNGICIDE,Azoxystrobin,Sitro 25 SC,AP-3153,S I Agro International,Tea,"Die back, Block rot",500 ml
FUNGICIDE,Azoxystrobin (20% ) + Cyproconazole (8%),Karishma 28 SC,AP-2431,Eon Trading House,Mango,Anthracnose,1200 ml
FUNGICIDE,Azoxystrobin (20% ) + Difenoconazole (12.5%),Amistar Top,AP-2312,Syngenta Bangladesh Limited,Rice,"Sheath blight, Blast",1 ml/Litre of water
FUNGICIDE,Azoxystrobin (20% ) + Difenoconazole (12.5%),Amistar Top,AP-2312,Syngenta Bangladesh Limited,Potato,"Late blight, Stem Canker",1 ml/Litre of water
FUNGICIDE,Azoxystrobin (20% ) + Difenoconazole (12.5%),Amistar Top,AP-2312,Syngenta Bangladesh Limited,Tea,Branch canker,750 ml
FUNGICIDE,Azoxystrobin (20% ) + Difenoconazole (12.5%),Power Blast 325 SC,AP-2777,Agronet Crop Science Limited,Rice,Sheath blight,1 ml/Litre of water
FUNGICIDE,Azoxystrobin (20% ) + Difenoconazole (12.5%),Rai 325 SC,AP-3111,Crop Protection & Care Center,Tomato,Early blight,2 gm/Litre of water
FUNGICIDE,Azoxystrobin (20% ) + Difenoconazole (12.5%),Amicore 32.5 EC,AP-3252,Asia Trade International,Sweet gourd,Powdery mildew,0.5 ml/Litre of water
FUNGICIDE,Benalaxyl (8%) + Mancozeb (64%),Galben M,AP-374,ACI Formulations Limited,"Potato, Tomato",Late blight,0.2% formulated
FUNGICIDE,Benalaxyl (8%) + Mancozeb (64%),Galben M,AP-374,ACI Formulations Limited,Cucumber,Downy mildew,0.2% formulated
FUNGICIDE,Carbendazim,Bavistin DF,AP-176,BASF Bangladesh Limited,Sugarcane,"Sett rot, Red rot, Pine apple, Wilt",500 gm
FUNGICIDE,Carbendazim,Bavistin DF,AP-176,BASF Bangladesh Limited,Rice,Sheath blight,500 gm
FUNGICIDE,Carbendazim,Bavistin DF,AP-176,BASF Bangladesh Limited,Wheat,Loose smut,1 gm/Litre of water
FUNGICIDE,Carbendazim,Bavistin DF,AP-176,BASF Bangladesh Limited,"Cabbage, Cauliflowe",Seedling rot,1 gm/Litre of water
FUNGICIDE,Carbendazim,Bavistin DF,AP-176,BASF Bangladesh Limited,Tomato,Seedling rot,1 gm/Litre of water
FUNGICIDE,Carbendazim,Knowin 50 WP,AP-241,McDonald Bangladesh (Pvt) Limited,Rice,Sheath blight,1.00 Kg
FUNGICIDE,Carbendazim,Knowin 50 WP,AP-241,McDonald Bangladesh (Pvt) Limited,Guava,Anthracnose,2 gm/Litre of water
FUNGICIDE,Carbendazim,Knowin 50 WP,AP-241,McDonald Bangladesh (Pvt) Limited,Tea,"Red rust, Black rot, Die back & Gall",750 gm
FUNGICIDE,Carbendazim,Knowin 50 WP,AP-241,McDonald Bangladesh (Pvt) Limited,Banana,Sigatoka,0.2%(2gm/Litre of wa.)
FUNGICIDE,Carbendazim,Knowin 50 WP,AP-241,McDonald Bangladesh (Pvt) Limited,Sugarcane,"Pine apple, Wilt & red rot",1 gm/Litre of water
FUNGICIDE,Carbendazim,Knowin 50 WP,AP-241,McDonald Bangladesh (Pvt) Limited,Mango,Anthracnose,1 gm/Litre of water
FUNGICIDE,Carbendazim,Shincar 50 WP,AP-355,Omnichem Limited,Tobacco,Frog eye & Leaf spot,2 gm/Litre of water
FUNGICIDE,Carbendazim,Aimcozim 50 WP,AP-375,ACI Formulations Limited,Rice,Sheath blight,500 gm
FUNGICIDE,Carbendazim,Aimcozim 50 WP,AP-375,ACI Formulations Limited,Tea,Red rust,750 gm
FUNGICIDE,Carbendazim,Aimcozim 50 WP,AP-375,ACI Formulations Limited,Sugarcane,"Set rot, Pinapple",500 gm
FUNGICIDE,Carbendazim,Aimcozim 50 WP,AP-375,ACI Formulations Limited,Sugarcane,Red rot & Wilt,500 gm
FUNGICIDE,Carbendazim,Aimcozim 50 WP,AP-375,ACI Formulations Limited,Tomato,Seedling rot,2 gm/Litre of water
FUNGICIDE,Carbendazim,Agben 50F,AP-439,A-Intraco (Bangladesh) Limited,Sugarcane,Sett treatment,1 gm/Litre of water
FUNGICIDE,Carbendazim,Agben 50F,AP-439,A-Intraco (Bangladesh) Limited,Rice,Sheath blight,1.00 Litre
FUNGICIDE,Carbendazim,Forastin 50 WP,AP-511,Shetu Pesticides Limited,Rice,Sheath blight,1.00 Kg
FUNGICIDE,Carbendazim,Forastin 50 WP,AP-511,Shetu Pesticides Limited,Sugarcane,Sett rot,1 gm/Litre of water
FUNGICIDE,Carbendazim,Genuine 50 WP,AP-531,SAM Agro Chemical,Sugarcane,Sett rot disease,1 gm/Litre of water
FUNGICIDE,Carbendazim,Genuine 50 WP,AP-531,SAM Agro Chemical,Tomato,Wilt,2 gm/Litre
FUNGICIDE,Carbendazim,Genuine 50 WP,AP-531,SAM Agro Chemical,Rice,Sheath blight,1.00 Kg
FUNGICIDE,Carbendazim,Genuine 50 WP,AP-531,SAM Agro Chemical,Garden pea,Powdery mildew,2 gm/Litre of water
FUNGICIDE,Carbendazim,Genuine 50 WP,AP-531,SAM Agro Chemical,Mango,Hopper,1 gm/Litre of water
FUNGICIDE,Carbendazim,Genuine 50 WP,AP-531,SAM Agro Chemical,Chili,Anthracnose,2 gm/Litre of water
FUNGICIDE,Carbendazim,Cindazim 50 WP,AP-627,Shetu Corporation Limited,Tomato,Wilt,2 gm/Litre of water
FUNGICIDE,Carbendazim,Cindazim 50 WP,AP-627,Shetu Corporation Limited,Rice,Sheath blight,1.00 Kg
FUNGICIDE,Carbendazim,Cindazim 50 WP,AP-627,Shetu Corporation Limited,Sugarcane,"Sett rot, Red rot, Wilt",500 gm
FUNGICIDE,Carbendazim,Nayan 50 WP,AP-720,Anika Enterprise,"Tomato, Cabbage, Cauli",Seedling rot,1 gm/Kg seed
FUNGICIDE,Carbendazim,Nayan 50 WP,AP-720,Anika Enterprise,Sugarcane,Set rot,1 gm/Litre of water
FUNGICIDE,Carbendazim,Nayan 50 WP,AP-720,Anika Enterprise,Banana,Sigatoka,1 gm/Litre of water
FUNGICIDE,Carbendazim,Zimper 50 WP,AP-725,Prime Agro Limited,Banana,Sigatoka,2 gm/Litre of water
FUNGICIDE,Carbendazim,Zimper 50 WP,AP-725,Prime Agro Limited,Tomato,Wilt,2 gm/Litre of water
FUNGICIDE,Carbendazim,Agridazim 50 WP,AP-725,Agribusiness International,Rice,Sheath blight,1.00 Kg
FUNGICIDE,Carbendazim,Agridazim 50 WP,AP-725,Agribusiness International,Sugarcane,Set rot,1 gm/Litre of water
FUNGICIDE,Carbendazim,Agridazim 50 WP,AP-725,Agribusiness International,Tea,Red rust disease,750 gm/Litre of water
FUNGICIDE,Carbendazim,Evazim 50 WP,AP-729,E H & Agrovet Limited,Rice,Sheath blight,1.00 Kg
FUNGICIDE,Carbendazim,Evazim 50 WP,AP-729,E H & Agrovet Limited,Sugarcane,Set rot,1 gm/Litre of water
FUNGICIDE,Carbendazim,Vulcan 50 WP,AP-730,Atherton Imbros Company Limited,Rice,Sheath blight,1.00 Kg
FUNGICIDE,Carbendazim,Corozim 50 WP,AP-751,Corbel International Limited,Sugarcane,Set rot,1 gm/litre of water
FUNGICIDE,Carbendazim,Edvistin 50 WP,AP-752,Bony Enterprise,Sugarcane,Set rot,1 gm/litre of water
FUNGICIDE,Carbendazim,Haydazim 50 WP,AP-753,Haychem (Bangladesh) Limited,Sugarcane,Set rot,1 gm/litre of water
FUNGICIDE,Carbendazim,Haydazim 50 WP,AP-753,Haychem (Bangladesh) Limited,Cucurbit,Powdery mildew,1 gm/litre of water
FUNGICIDE,Carbendazim,Haydazim 50 WP,AP-753,Haychem (Bangladesh) Limited,Tea,Red rust,750 gm
FUNGICIDE,Carbendazim,Seadazim 50 WP,AP-754,Sea Trade Fertilizer Limited,Sugarcane,Set rot,1 gm/litre of water
FUNGICIDE,Carbendazim,Seadazim 50 WP,AP-754,Sea Trade Fertilizer Limited,Banana,Sigatoka,1 gm/litre of water
FUNGICIDE,Carbendazim,Seadazim 50 WP,AP-754,Sea Trade Fertilizer Limited,Tea,Red rust disease,750 gm
FUNGICIDE,Carbendazim,Massive 50 WP,AP-755,Mosco Marketing Company,Tomato,Wilt,2 gm /litre of water
FUNGICIDE,Carbendazim,Goldazim 500 SC,AP-756,Square Pharmaceuticals Limited,Cucurbit,Powdery mildew,1 ml/litre of water
FUNGICIDE,Carbendazim,Carbozim 50 WP,AP-757,Reximco Insecticides Limited,Cucurbit,Powdery mildew,1 gm/litre of water
FUNGICIDE,Carbendazim,Bendazim 50 WP,AP-758,National AgriCare Import & Export Ltd,Cucurbit,Powdery mildew,1 gm/litre of water
FUNGICIDE,Carbendazim,Bendazim 50 WP,AP-758,National AgriCare Import & Export Ltd,Onion,Purple blotch,2 gm/litre of water
FUNGICIDE,Carbendazim,Ecozim 50 WP,AP-856,East West Chemicals Limited,Banana,Sigatoka,2 gm /litre of water
FUNGICIDE,Carbendazim,Pearl 50 DF,AP-980,MAP Agro Industries Limited,Garden pea,Powdery mildew,2 gm /litre of water
FUNGICIDE,Carbendazim,Pearl 50 DF,AP-980,MAP Agro Industries Limited,Wheat,Late blight,2 gm /litre of water
FUNGICIDE,Carbendazim,Gilzim 50 WP,AP-981,Petrochem (Bangladesh) Limited,Tomato,Wilt,1 gm /litre of water
FUNGICIDE,Carbendazim,Gilzim 50 WP,AP-981,Petrochem (Bangladesh) Limited,Sugarcane,Set rot,1 gm /litre of water
FUNGICIDE,Carbendazim,Zimguard 50 WP,AP-992,Padma Agro Sprayers Co.,Tea,Red rust,750 gm
FUNGICIDE,Carbendazim,Dhangora 50 WP,AP-993,Home Pest Control,Tea,Red rust,750 gm
FUNGICIDE,Carbendazim,Sinodazim 50 WP,AP-1022,Global Agrovet Limited,Rice,Sheath blight,1.00 Kg
FUNGICIDE,Carbendazim,Baizim 50 WP,AP-1043,Bangladesh Agricultural Industries,Tea,Red rust disease,750 gm
FUNGICIDE,Carbendazim,Baizim 50 WP,AP-1044,Bangladesh Agricultural Industries,Onion,Purple blotch,2 gm/litre of water
FUNGICIDE,Carbendazim,Greenzim 50 WP,AP-1070,Green View Bangladesh,Tea,Red rust disease,750 gm
FUNGICIDE,Carbendazim,Jaingnoning 50 WP,AP-1074,Sun Seed Pesticides,Sugarcane,Set rot,1 gm/liter of water
FUNGICIDE,Carbendazim,Arba 50 WP,AP-1078,Intefa,Garden pea,Powdery mildew,2 gm/litre of water
FUNGICIDE,Carbendazim,Arba 50 WP,AP-1078,Intefa,Mango,Anthracnose,1 gm/liter of water
FUNGICIDE,Carbendazim,Arba 50 WP,AP-1078,Intefa,Onion,Purple blotch,2 gm/liter of water
FUNGICIDE,Carbendazim,Sistin 50 WP,AP-1088,King Tech Corporation Bangladesh,Garden pea,Powdery mildew,1 gm/liter of water
FUNGICIDE,Carbendazim,Sistin 50 WP,AP-1088,King Tech Corporation Bangladesh,Tea,Red rust disease,750 gm
FUNGICIDE,Carbendazim,Sistin 50 WP,AP-1088,King Tech Corporation Bangladesh,Chili,Anthracnose,1 gm/liter of water
FUNGICIDE,Carbendazim,Bico Homai 50 WP,AP-1115,Bismillah Corporation Limited,Garden pea,Powdery mildew,2 gm/litre of water
FUNGICIDE,Carbendazim,CP-Zim 50 WP,AP-1225,Crop Protection & Care Centre,Tea,Black root disease,750 gm/litre of water
FUNGICIDE,Carbendazim,Allwin 50 WDF,AP-1244,All Well Agrotech,Sugarcane,Set rot,1 gm/liter of water
FUNGICIDE,Carbendazim,Trizim 50 WP,AP-1309,Amco Agricultural Industries,Tea,Red rust disease,750 gm
FUNGICIDE,Carbendazim,Trizim 50 WP,AP-1309,Amco Agricultural Industries,Chili,Anthracnose,2 gm/litre of water
FUNGICIDE,Carbendazim,Sinozim 50 WP,AP-1347,Aranya Crop Care Limited,Cucurbit,Powdery mildew,1 gm/liter of water
FUNGICIDE,Carbendazim,Sinozim 50 WP,AP-1347,Aranya Crop Care Limited,Chili,Anthracnose,1 gm/liter of water
FUNGICIDE,Carbendazim,Mine 50 WP,AP-1377,S I Agro International,Tomato,Early blight,2 gm/litre of water
FUNGICIDE,Carbendazim,Mine 50 WP,AP-1377,S I Agro International,Wheat,Late rust,2 gm/litre of water
FUNGICIDE,Carbendazim,Cuptun 50 WP,AP-1383,Alpha Agro Limited,Wheat,Late rust,1 gm/litre of water
FUNGICIDE,Carbendazim,Nova 50 WP,AP-1384,Eon Agro Industries Limited,Wheat,Leaf blight,1 gm/litre of water
FUNGICIDE,Carbendazim,Nova 50 WP,AP-1384,Eon Agro Industries Limited,Tea,"Red rust, Black rot, Die back",750 gm in 1000 lt of water
FUNGICIDE,Carbendazim,Amazim 50 WP,AP-1394,Aama Green Care,Tea,"Red rust, Black rot, Die back",750 gm in 1000 lt of water
FUNGICIDE,Carbendazim,Amazim 50 WP,AP-1394,Aama Green Care,Mango,Anthracnose,2 gm/Litre of water
FUNGICIDE,Carbendazim,Chemozim 50 WP,AP-1395,Byco Agro Chemicals,Tea,"Red rust, Black rot, Die back",750 gm in 1000 lt of water
FUNGICIDE,Carbendazim,Emidazim 50 WP,AP-1429,Integrated Crop Solution Bangladesh,Tea,"Red rust, Black rot, Die back",750 gm in 1000 lt of water
FUNGICIDE,Carbendazim,Towin 50 WP,AP-1677,Marshal Agrovet Chemical Industries Ltd,Chili,Anthracnose,1 gm/litre of water
FUNGICIDE,Carbendazim,Towin 50 WP,AP-1677,Marshal Agrovet Chemical Industries Ltd,Tea,"Red rust, Black rot, Die back",750 gm in 1000 lt of water
FUNGICIDE,Carbendazim,Regard 50 WP,AP-1678,Agro Continent Bangladesh,Banana,Sigatoka,1 gm/litre of water
FUNGICIDE,Carbendazim,Orgazim 50 WP,AP-1680,Green Care Bangladesh,Sugarcane,Sett rot,1 gm/litre of water
FUNGICIDE,Carbendazim,Starzim 50 WP,AP-1681,Pace Agro International,Sugarcane,Sett rot,1 gm/litre of water
FUNGICIDE,Carbendazim,Dimbazim 50 WP,AP-1721,Dreamland Agro Products,Rice,Sheath blight,1.00 Kg
FUNGICIDE,Carbendazim,Dimbazim 50 WP,AP-1721,Dreamland Agro Products,Tea,"Red rust, Black rot, Die back",750 gm in 1000 lt of water
FUNGICIDE,Carbendazim,Knobin 50 WP,AP-1772,ICI Agricare,Rice,Sheath blight,1.00 Kg
FUNGICIDE,Carbendazim,Longzim 50 WP,AP-1843,ACI Formulations Limited,Tea,"Red rust, Black rot, Die back",750 gm in 1000 lt of water
FUNGICIDE,Carbendazim,Filzim 50 WP,AP-1844,A M Traders,Tea,"Red rust, Black rot, Die back",750 gm in 1000 lt of water
FUNGICIDE,Carbendazim,Turbo 50 WP,AP-1846,Haychem (Bangladesh) Limited,Tea,"Red rust, Black rot, Die back",750 gm in 1000 lt of water
FUNGICIDE,Carbendazim,Superzim 50 WP,AP-1847,Mery Gold Agro Science,Tea,"Red rust, Black rot, Die back",750 gm in 1000 lt of water
FUNGICIDE,Carbendazim,Lazim 50 WP,AP-1848,Sweet Agrovet Limited,Tea,"Red rust, Black rot, Die back",750 gm in 1000 lt of water
FUNGICIDE,Carbendazim,Lazim 50 WP,AP-1848,Sweet Agrovet Limited,Rice,Sheath blight,1.00 Kg
FUNGICIDE,Carbendazim,Kandari 50 WP,AP-1849,Smart Agrovet,Tea,"Red rust, Black rot, Die back",750 gm in 1000 lt of water
FUNGICIDE,Carbendazim,Benda 50 WP,AP-1850,Salica Trade International,Tea,"Red rust, Black rot, Die back",750 gm in 1000 lt of water
FUNGICIDE,Carbendazim,R-zim 50 WP,AP-1851,Bengal Agro Chemicals Industries,Tea,"Red rust, Black rot, Die back",750 gm in 1000 lt of water
FUNGICIDE,Carbendazim,R-zim 50 WP,AP-1851,Bengal Agro Chemicals Industries,Tomato,Wilt & Early blight,2 gm/Litre of water
FUNGICIDE,Carbendazim,Hitastin 50 WP,AP-1852,Hazi Abdul Hakim Sawdagor,Tea,"Red rust, Black rot, Die back",750 gm in 1000 lt of water
FUNGICIDE,Carbendazim,Greendazim 50 WP,AP-1853,Green Harvest Limited,Tea,"Red rust, Black rot, Die back",750 gm in 1000 lt of water
FUNGICIDE,Carbendazim,Cardazim 50 WP,AP-1854,Assign Crop Care Limited,Tea,"Red rust, Black rot, Die back",750 gm in 1000 lt of water
FUNGICIDE,Carbendazim,UniZoom 50 WP,AP-1930,United Phosphorus (Bangladesh) Ltd,Maize,Brown spot,1 gm/Litre of water
FUNGICIDE,Carbendazim,Biozim 50 WP,AP-2118,Crop Life Agro Chemicals Ltd,Tea,"Red rust, Black rot, Die back",750 gm in 1000 lt of water
FUNGICIDE,Carbendazim,Biozim 50 WP,AP-2118,Crop Life Agro Chemicals Ltd,Cucurbit,Powdery mildew,2 gm/Litre of water
FUNGICIDE,Carbendazim,Siamzim 50 WP,AP-2119,Siam Crop Care,Tea,"Red rust, Black rot, Die back",750 gm in 1000 lt of water
FUNGICIDE,Carbendazim,Rekazim 50 WP,AP-2120,T H Pesticides,Tea,"Red rust, Black rot, Die back",750 gm in 1000 lt of water
FUNGICIDE,Carbendazim,Xenon 50 WP,AP-2121,Joary Agro,Tea,"Red rust, Black rot, Die back",750 gm in 1000 lt of water
FUNGICIDE,Carbendazim,Seaszim 50 WP,AP-2122,Sealand Agro Industries Limited,Chili,Anthracnose,1 gm/Litre of water
FUNGICIDE,Carbendazim,Tolper 50 WP,AP-2123,Meghna Fertilizer & Agro Chemicals Indus,Tomato,Seedling rot,1 gm/Litre of water
FUNGICIDE,Carbendazim,Agriben 50 WP,AP-2124,Jareer Enterprise,Tomato,Seedling rot,1 gm/Litre of water
FUNGICIDE,Carbendazim,Qubee 50 WP,AP-2125,Asia Trade International,Tomato,Wilt,2 gm/Litre of water
FUNGICIDE,Carbendazim,Qubee 50 WP,AP-2125,Asia Trade International,Cucurbit,Powdery mildew,1 gm/Litre of water
FUNGICIDE,Carbendazim,Ravistin 50 WP,AP-2126,Raven Aqua Agriculture Ltd,Tomato,Wilt,2 gm/Litre of water
FUNGICIDE,Carbendazim,Ravistin 50 WP,AP-2126,Raven Aqua Agriculture Ltd,Banana,Sigatoka,2 gm/Litre of water
FUNGICIDE,Carbendazim,Erguven 50 WP,AP-2127,Active Crop Care Limited,Tomato,Early blight,1 gm/Litre of water
FUNGICIDE,Carbendazim,Sicozim 50 WP,AP-2128,Siraj Agro International,Cucurbit,Powdery mildew,1 gm/Litre of water
FUNGICIDE,Carbendazim,Growzim 50 WP,AP-2129,Grow More Agro Science,Cucurbit,Powdery mildew,1 gm/Litre of water
FUNGICIDE,Carbendazim,Sarazim 50 WP,AP-2130,Sara Chemicals Limited,Mango,Anthracnose,2 gm/Litre of water
FUNGICIDE,Carbendazim,Sarazim 50 WP,AP-2130,Sara Chemicals Limited,Tomato,Wilt,2 gm/Litre of water
FUNGICIDE,Carbendazim,Mahizim 50 WP,AP-2241,Mahir Agro Care,Rice,Sheath blight,1.00 Kg
FUNGICIDE,Carbendazim,Carb 50 WP,AP-2242,Agrinet Crop Care Bangladesh,Banana,Sigatoka,2 gm/Litre of water
FUNGICIDE,Carbendazim,Ravzim 50 WP,AP-2243,Raven Aqua Agriculture Ltd,Banana,Sigatoka,2 gm/Litre of water
FUNGICIDE,Carbendazim,Newzim 50 WP,AP-2244,Blessing Agrovet Industries Ltd,Banana,Sigatoka,2 gm/Litre of water
FUNGICIDE,Carbendazim,Agrizim 50 WP,AP-2448,Eminence Chemical Industries Ltd,Tea,"Red rust, Black rot, Die back",750 gm in 1000 lt of water
FUNGICIDE,Carbendazim,Rajzim 50 WP,AP-2449,Bongshe Moharaj & Agro Technology,Tea,"Red rust, Black rot, Die back",750 gm in 1000 lt of water
FUNGICIDE,Carbendazim,Scotszim 50 WP,AP-2449,Scots Agro Chemicals,Tea,"Red rust, Black rot, Die back",750 gm in 1000 lt of water
FUNGICIDE,Carbendazim,Mabendazim 50 WP,AP-2450,Mabco Bangladesh,Tea,"Red rust, Black rot, Die back",750 gm in 1000 lt of water
FUNGICIDE,Carbendazim,Mabendazim 50 WP,AP-2450,Mabco Bangladesh,Tomato,Early blight,2 gm/Litre of water
FUNGICIDE,Carbendazim,Mabendazim 50 WP,AP-2450,Mabco Bangladesh,Banana,Sigatoka,2 gm/Litre of water
FUNGICIDE,Carbendazim,Roin 50 WP,AP-2452,D M International,Tea,"Red rust, Black rot, Die back",750 gm in 1000 lt of water
FUNGICIDE,Carbendazim,Stazim 50 WP,AP-2453,Astron Agri Care Bangladesh,Tea,"Red rust, Black rot, Die back",750 gm in 1000 lt of water
FUNGICIDE,Carbendazim,Bencarb 50 WP,AP-2454,Agrivision Bangladesh,Chili,Anthracnose,1 gm/Litre of water
FUNGICIDE,Carbendazim,Agrani 50 WP,AP-2455,M S Agro Chemicals Company Ltd,Chili,Anthracnose,2 gm/Litre of water
FUNGICIDE,Carbendazim,Megadazim 50 WP,AP-2456,Marstrade International Culture,Chili,Anthracnose,2 gm/Litre of water
FUNGICIDE,Carbendazim,Nainzim 50 WP,AP-2457,Nafis Crop Care,Chili,Anthracnose,2 gm/Litre of water
FUNGICIDE,Carbendazim,Sufi 50 WP,AP-2458,Valent Tech Limited,Mango,Anthracnose,2 gm/Litre of water
FUNGICIDE,Carbendazim,Suzim 50 WP,AP-2459,Surovi Agro Industries Limited,Tomato,Early blight,2 gm/Litre of water
FUNGICIDE,Carbendazim,Atop 50 WP,AP-2460,Agrivision International,Cucurbit,Powdery mildew,2 gm/Litre of water
FUNGICIDE,Carbendazim,Cutzim 50 WP,AP-2461,Mary Gold Agro Science,Cucurbit,Powdery mildew,2 gm/Litre of water
FUNGICIDE,Carbendazim,Reliable 50 WP,AP-2617,Delta Agro Chemicals,Banana,Sigatoka,2 gm/Litre of water
FUNGICIDE,Carbendazim,Parastine50 WP,AP-2783,Perfect Agro Care,Banana,Sigatoka,2 gm/Litre of water
FUNGICIDE,Carbendazim,M-Hitter 50 WP,AP-2784,United Agri Care Limited,Banana,Sigatoka,2 gm/Litre of water
FUNGICIDE,Carbendazim,Freshcozim 50 WP,AP-2785,Agro Systems Limited,Rice,Seed Treatment,2.5 gm/kg seeds
FUNGICIDE,Carbendazim,Ranazim 50 WP,AP-3121,Runner Agro Products Limited,Tea,"Die back, Black rot",750 gm
FUNGICIDE,Carbendazim,Ranazim 50 WP,AP-3121,Runner Agro Products Limited,Tomato,Wilt,2 gm/Litre of water
FUNGICIDE,Carbendazim,Cloud 50 WP,AP-3122,Keen Care Crop Science,Tea,"Die back, Black rot",750 gm
FUNGICIDE,Carbendazim,Rupali 50 WP,AP-3123,Aristocrat Agro Services Ltd.,Mango,Anthracnose,1 gm/Litre of water
FUNGICIDE,Carbendazim,Neustin 50 WP,AP-3124,Biotech Agrovet,Tomato,Seedling rot,2 gm/Litre of water
FUNGICIDE,Carbendazim,Tajarat 50 WP,AP-3125,Tajarat Agro Industries Limited,Tomato,Seedling rot,2 gm/Litre of water
FUNGICIDE,Carbendazim,G-Sign 50 WP,AP-3126,One Agro Concern,Tomato,Wilt,2 gm/Litre of water
FUNGICIDE,Carbendazim,Minzim 50 WP,AP-3127,Meem Corporation,Tomato,Early blight,2 gm/Litre of water
FUNGICIDE,Carbendazim,Cleanzim 50 WP,AP-3128,Clean Agro,Mango,Anthracnose,2 gm/Litre of water
FUNGICIDE,Carbendazim,Calibar 50 WP,AP-3129,Green Bangla Formulation,Tea,"Red rust, Die back, Black rot",750 gm
FUNGICIDE,Carbendazim,Savistin 50 WP,AP-3130,Retina Agro Chemical,Tea,"Red rust, Die back, Black rot",750 gm
FUNGICIDE,Carbendazim,Topzim 50 WP,AP-3131,Kohinoor Agro Chemical,Mango,Anthracnose,2 gm/Litre of water
FUNGICIDE,Carbendazim,Barbiton 50 DF,AP-3132,S M Agriculture Division,Mango,Anthracnose,2 gm/Litre of water
FUNGICIDE,Carbendazim,Zamka 50 WP,AP-3133,Modern Agri Care,Tea,"Red rust, Die back, Black rot",750 gm
FUNGICIDE,Carbendazim,Magpai 50 WP,AP-3134,Apex Agro Industries Limited,Tomato,Early blight,2 gm/Litre of water
FUNGICIDE,Carbendazim,Greatzim 50 WP,AP-3217,Great Agro Care,Cucumber,Powdery mildew,2 gm/Litre of water
FUNGICIDE,Carbendazim,Sahzim 50 WP,AP-3236,Shahjalal Agro Industries,Cucumber,Powdery mildew,2 gm/Litre of water
FUNGICIDE,Carbendazim,Lidazin 50 WP,AP-3238,Lily Traders,Cucumber,Powdery mildew,2 gm/Litre of water
FUNGICIDE,Carbendazim,Larkzim 50 WP,AP-3239,Balak Enterprise,Cucumber,Powdery mildew,2 gm/Litre of water
FUNGICIDE,Carbendazim,Carbeluck 50 WP,AP-3240,Unicrop Protection Limited,Cucumber,Powdery mildew,2 gm/Litre of water
FUNGICIDE,Carbendazim,Rimzim 50 WP,AP-3241,Cobra Land Care,Cucumber,Powdery mildew,2 gm/Litre of water
FUNGICIDE,Carbendazim,Natzim 50 WP,AP-3242,National Green Enterprise,Cucumber,Powdery mildew,2 gm/Litre of water
FUNGICIDE,Carbendazim,Delcozim 50 WP,AP-3243,Delco Agro Industries,Cucumber,Powdery mildew,2 gm/Litre of water
FUNGICIDE,Carbendazim,Cadim 50 WP,AP-3244,The Chemicals,Cucumber,Powdery mildew,2 gm/Litre of water
FUNGICIDE,Carbendazim ( 32.5%) + Hexaconazole (2.5%),Defense 35 SC,AP-2792,Haychem (Bangladesh) Limited,Wheat,Scarb,1 ml/Litre of water
FUNGICIDE,Carboxin (17.5%) + Thiram (17.5%),Provax 200 WP,AP-1146,Hossain Enterprise C.C. Limited,Wheat,"Seedling blight, Foot rot",3 gm/Kg seed
FUNGICIDE,Carboxin (17.5%) + Thiram (17.5%),Provax 200 WP,AP-1146,Hossain Enterprise C.C. Limited,Wheat,Seedling disease,4 gm/Kg seed
FUNGICIDE,Carboxin (17.5%) + Thiram (17.5%),Provax 200 WP,AP-1146,Hossain Enterprise C.C. Limited,Jute,"Seed rot, Seedling disease,",4 gm/Kg seed
FUNGICIDE,Carboxin (17.5%) + Thiram (17.5%),Provax 200 WP,AP-1146,Hossain Enterprise C.C. Limited,Jute,"Wilting, Soft rot,  Anthracnose,",4 gm/Kg seed
FUNGICIDE,Carboxin (17.5%) + Thiram (17.5%),Provax 200 WP,AP-1146,Hossain Enterprise C.C. Limited,Rice,(Seed borne) Bipolaris oryzae,3 gm/kg seed
FUNGICIDE,Carboxin (17.5%) + Thiram (17.5%),Provax 200 WP,AP-1146,Hossain Enterprise C.C. Limited,Brinjal,Seedling disease,2 gm/kg seed
FUNGICIDE,Carboxin (17.5%) + Thiram (17.5%),Provax 200 WP,AP-1146,Hossain Enterprise C.C. Limited,Bottle gourd,Seedling disease,2 gm/kg seed
FUNGICIDE,Carboxin (17.5%) + Thiram (17.5%),Provax 200 WP,AP-1146,Hossain Enterprise C.C. Limited,Potato,Black scarf,2.5 gm/litre of water
FUNGICIDE,Carboxin (17.5%) + Thiram (17.5%),Mapvax 75 WP,AP-1389,MAP Agro Industries Limited,Jute,"Seed rot, Seedling disease wilting soft",4 gm/Kg seed
FUNGICIDE,Carboxin (17.5%) + Thiram (17.5%),Mapvax 75 WP,AP-1389,MAP Agro Industries Limited,,"rot, Stem rot, Anthracnose, Black bont",4 gm/Kg seed
FUNGICIDE,Carboxin (17.5%) + Thiram (17.5%),Mapvax 75 WP,AP-1389,MAP Agro Industries Limited,Wheat,"Seedling blight, Foot rot",3 gm/Kg seed
FUNGICIDE,Carboxin (17.5%) + Thiram (17.5%),VitaFlo 200 FF,AP-1611,Hossain Enterprise C.C. Limited,Jute,"Seed rot, Black bend, Die back",2.5-3 ml/kg seed
FUNGICIDE,Carboxin (17.5%) + Thiram (17.5%),VitaFlo 200 FF,AP-1611,Hossain Enterprise C.C. Limited,Wheat,"Seedling blight, Foot rot",3 ml/kg seed
FUNGICIDE,Carboxin (17.5%) + Thiram (17.5%),VitaFlo 200 FF,AP-1611,Hossain Enterprise C.C. Limited,Rice,Seed treatment,5 ml/kg seed
FUNGICIDE,Carbendazim (17.5%)+Iprodione (35%),Shelter 52.5 WP,AP-3251,Surovi Agro Industries Limited,Cucumber,Powdery mildew,2 gm/Litre of water
FUNGICIDE,Chlorothalonil,Deconil 500 EC,AP-2114,Haychem (Bangladesh) Limited,Potato,Late Blight,750 ml
FUNGICIDE,Chlorothalonil,Rotanil 500 SC,AP-2701,Agro Arena Associates,Tea,"Die back, Black rot",2.00 Litre
FUNGICIDE,Chlorothalonil,Rotanil 500 SC,AP-2701,Agro Arena Associates,Potato,Late blight,2 ml/Litre of water
FUNGICIDE,Copper hydroxide,Champion 77 WP,AP-354,Petrochem (Bangladesh) Limited,Potato & Tomato,Late blight,2 gm/Litre of water
FUNGICIDE,Copper hydroxide,Champion 77 WP,AP-354,Petrochem (Bangladesh) Limited,"Mango, Chili",Anthracnose,2 gm/Litre of water
FUNGICIDE,Copper hydroxide,Champion 77 WP,AP-354,Petrochem (Bangladesh) Limited,Citrus,Scab,2 gm/Litre of water
FUNGICIDE,Copper hydroxide,Champion 77 WP,AP-354,Petrochem (Bangladesh) Limited,Banana,Leaf spot,2 gm/Litre of water
FUNGICIDE,Copper hydroxide,Champion 77 WP,AP-354,Petrochem (Bangladesh) Limited,Ground nut,Tikka rust,2 gm/Litre of water
FUNGICIDE,Copper hydroxide,Champion 77 WP,AP-354,Petrochem (Bangladesh) Limited,Tea,Red rust disease,2.24 Kg
FUNGICIDE,Copper hydroxide,Dolphin 77 WP,AP-716,MAP Agro Industries Limited,Banana,Sigatoka,6.50 gm/Litre of water
FUNGICIDE,Copper hydroxide,Hydrocob 77 WP,AP-792,Asia Trade International,Potato,Late blight,3.50 gm/Litre of water
FUNGICIDE,Copper hydroxide,Win 77 WP,AP-1119,Alpha Agro Limited,Tomato,Early & Late blight,2 gm/Litre of water
FUNGICIDE,Copper hydroxide,Win 77 WP,AP-1119,Alpha Agro Limited,Potato,Late blight,2 gm/Litre of water
FUNGICIDE,Copper hydroxide,Parasol 77 WP,AP-1360,Eminence Chemical Industries Ltd,Potato,Late blight,2 gm/Litre of water
FUNGICIDE,Copper hydroxide,Parasol 77 WP,AP-1360,Eminence Chemical Industries Ltd,Chili,Anthracnose,2 gm/Litre of water
FUNGICIDE,Copper hydroxide,Superex 77 WP,AP-1861,Rajib Agro Chemicals Limited,Tea,"Die back,Black rot, Red rust",750 gm
FUNGICIDE,Copper hydroxide,Jibal 77 WP,AP-1876,Intafa,Chili,Anthracnose,2 gm/Litre of water
FUNGICIDE,Copper hydroxide,Jibal 77 WP,AP-1876,Intafa,Mango,Anthracnose,2 gm/Litre of water
FUNGICIDE,Copper oxychloride,Sunvit 50 WP,AP-527,McDonald Bangladesh (Pvt) Limited,Tea,Red rust,2.80 Kg
FUNGICIDE,Copper oxychloride,Sunvit 50 WP,AP-527,McDonald Bangladesh (Pvt) Limited,Sesame,Leaf spot,3.40 Kg
FUNGICIDE,Copper oxychloride,Sulcox 50 WP,AP-528,Haychem (Bangladesh) Limited,Tea,"Die back, Black rot & Red rust",2.80 Kg
FUNGICIDE,Copper oxychloride,Sulcox 50 WP,AP-528,Haychem (Bangladesh) Limited,Pulse & Oil crops,Leaf spot,3.40 Kg
FUNGICIDE,Copper oxychloride,Sulcox 50 WP,AP-528,Haychem (Bangladesh) Limited,Onion,Purple blotch,2 gm/Litre of water
FUNGICIDE,Copper oxychloride,Oxivit 50 WP,AP-616,SAM Agro Chemical,Potato,Late blight,3.50 Kg
FUNGICIDE,Copper oxychloride,Oxivit 50 WP,AP-616,SAM Agro Chemical,Tomato,Early blight,3.5 gm/Litre of water
FUNGICIDE,Copper oxychloride,Copper 50 WP,AP-703,Reximco Insecticides Limited,Tea,Red rust,2.80 Kg
FUNGICIDE,Copper oxychloride,Blitox 50 WP,AP-704,Auto Crop Care Limited,Tea,Red rust,2.80 Kg
FUNGICIDE,Copper oxychloride,Haymoxy 50 WP,AP-715,Haychem (Bangladesh) Limited,Banana,Sigatoka,6.50 gm/Litre of water
FUNGICIDE,Copper oxychloride,Haymoxy 50 WP,AP-715,Haychem (Bangladesh) Limited,Tea,Red rust,2.80 Kg
FUNGICIDE,Copper oxychloride,Oxicob 50 WP,AP-791,Asia Trade International,Potato,Late blight,3.50 gm/Litre of water
FUNGICIDE,Copper oxychloride,Acmecop 50 WP,AP-875,Chemolimpex Agro Limited,Tea,Red rust,2.80 Kg
FUNGICIDE,Copper oxychloride,Topgun 50 DF,AP-974,Global Agrochemicals Limited,Potato and Tomato,Early & Late blight,2 gm/Litre of water
FUNGICIDE,Copper oxychloride,Blue-cop 50 WP,AP-994,Agrimax Bangladesh Limited,Tea,Red rust,2.80 Kg
FUNGICIDE,Copper oxychloride,Pipertox 50 WP,AP-1057,Agribusiness International,Tomato,Early & Late blight,4 gm/litre of water
FUNGICIDE,Copper oxychloride,Pipertox 50 WP,AP-1057,Agribusiness International,Potato,Late blight,2 gm/litre of water
FUNGICIDE,Copper oxychloride,Pipertox 50 WP,AP-1057,Agribusiness International,Mango,Anthracnose,4 gm/litre of water
FUNGICIDE,Copper oxychloride,Emivit 50 WP,AP-1310,Eminence Chemical Industries Ltd,Tea,Red rust,2.80 Kg
FUNGICIDE,Copper oxychloride,Emivit 50 WP,AP-1310,Eminence Chemical Industries Ltd,Chili,Die back,70 gm/10 lt of water
FUNGICIDE,Copper oxychloride,Delight 50 WP,AP-1675,ACI Formulations Limited,Potato,Late blight,2 gm/litre of water
FUNGICIDE,Copper oxychloride,Delight 50 WP,AP-1675,ACI Formulations Limited,Tea,"Die back, Black rot & Red rust",2.80 Kg
FUNGICIDE,Copper oxychloride,Polyco 50 WP,AP-1841,Polymer Agro Industries Ltd.,Tea,"Die back, Black rot & Red rust",2.80 Kg
FUNGICIDE,Copper oxychloride,Baicoper 50 WP,AP-1842,Bangladesh Agricultural Industries,Tomato,Late blight,2 gm/litre of water
FUNGICIDE,Copper oxychloride,Baicoper 50 WP,AP-1842,Bangladesh Agricultural Industries,Tea,"Die back, Black rot & Red rust",2.80 Kg
FUNGICIDE,Copper oxychloride,Gunner 50 WP,AP-1877,Global Agrovet Limited,Potato,Late blight,0.8-1.0 Kg
FUNGICIDE,Copper oxychloride,MS Vit 50 WP,AP-2506,M S Agro Chemicals Company Ltd,Tea,"Die back, Black rot & Red rust",2.80 Kg
FUNGICIDE,Copper oxychloride,Capvit 50 WP,AP-2507,Rico Agrovet,Tea,"Die back, Black rot & Red rust",2.80 Kg
FUNGICIDE,Copper oxychloride,Copraz 50 WP,AP-2508,Siraj Agro International,Tomato,Early blight,2.5 gm/litre of water
FUNGICIDE,Copper oxychloride,M-Cop 50 WP,AP-2778,Mamun Agro Products Limited,Banana,Sigatoka,2.50 Kg
FUNGICIDE,Copper oxychloride,Oxycol 50 WP,AP-3142,Lorota International,Potato,Late blight,2 gm/Litre of water
FUNGICIDE,Copper oxychloride,Coxy 50 WP,AP-3143,Aama Green Care,Mango,Anthracnose,2 gm/Litre of water
FUNGICIDE,Copper oxychloride,Coxy 50 WP,AP-3143,Aama Green Care,Tea,"Red rust, Die back, Black rot",2.80 Kg
FUNGICIDE,Copper oxychloride,Goldton 50 WP,AP-3144,Shetu Pesticides Limited,Cucumber,Downey mildew,2 gm/Litre of water
FUNGICIDE,Dichloran,Arniline 8 WP,AP-1161,A-Intraco (Bangladesh) Limited,Potato,"Foot, Shoot & Leaf rot",2.0 gm/Litre of water
FUNGICIDE,Dichloran,Arniline 8 WP,AP-1161,A-Intraco (Bangladesh) Limited,"Tomato, Onion","Root, Stand & Leaf rot",2.0 gm/Litre of water
FUNGICIDE,Difenoconazole,Score 250 EC,AP-384,Syngenta Bangladesh Limited,Onion,Purple blotch,0.5 ml/Litre of water
FUNGICIDE,Difenoconazole,Score 250 EC,AP-384,Syngenta Bangladesh Limited,Chili,Leaf spot,0.5 ml/Litre of water
FUNGICIDE,Difenoconazole,Score 250 EC,AP-384,Syngenta Bangladesh Limited,Betel vine,Foot rot,0.5 ml/Litre of water
FUNGICIDE,Difenoconazole,Score 250 EC,AP-384,Syngenta Bangladesh Limited,Banana,Sigatoka,0.5 ml/Litre of water
FUNGICIDE,Difenoconazole,Score 250 EC,AP-384,Syngenta Bangladesh Limited,Rice,Sheath blight,1 ml/Litre of water
FUNGICIDE,Difenoconazole,Score 250 EC,AP-384,Syngenta Bangladesh Limited,Mango,Anthracnose,0.5 ml/Litre of water
FUNGICIDE,Difenoconazole,Rofenon 25 EC,AP-1711,Aartessa Trading,Rice,Sheath blight,500 ml
FUNGICIDE,Difenoconazole,Rofenon 25 EC,AP-1711,Aartessa Trading,Onion,Purple blotch,0.5 ml/Litre of water
FUNGICIDE,Difenoconazole,Defender 25 EC,AP-1757,National AgriCare Import & Export Ltd,Banana,Sigatoka,0.5 ml/Litre of water
FUNGICIDE,Difenoconazole,Run 250 EC,AP-2305,East West Chemicals Limited,Banana,Sigatoka,0.5 ml/Litre of water
FUNGICIDE,Difenoconazole,Bond 250 EC,AP-2390,Agritech,Mango,Anthracnose,0.5 ml/Litre of water
FUNGICIDE,Difenoconazole,Bond 250 EC,AP-2390,Agritech,Banana,Sigatoka,0.5 ml/Litre of water
FUNGICIDE,Difenoconazole,Venga 10 WDG,AP-2786,Active Crop Care Limited,Banana,Sigatoka,1gm/Litre of water
FUNGICIDE,Difenoconazole (15%),X-Tra Care 300 EC,AP-1773,Haychem (Bangladesh) Limited,Rice,Sheath blight,120 ml
FUNGICIDE,Propiconazole (15%),Combi-2 30 EC,AP-1775,National AgriCare Import & Export Ltd,Rice,Sheath blight,120 ml
FUNGICIDE,Propiconazole (15%),Perk 300 EC,AP-2544,Aama Green Care,Mango,Anthracnose,2 ml/Litre of water
FUNGICIDE,Propiconazole (15%),Cropcep 300 EC,AP-2545,Mimpex Agrochemicals Limited,Chili,Anthracnose,0.5 ml/Litre of water
FUNGICIDE,Propiconazole (15%),Cropcep 300 EC,AP-2545,Mimpex Agrochemicals Limited,Banana,Sigatoka,0.5 ml/Litre of water
FUNGICIDE,Propiconazole (15%),Evaeilt Super 300 EC,AP-1591,E H & Agrovet Limited,Rice,Sheath blight,120 ml
FUNGICIDE,Propiconazole (15%),Safemaster 300 EC,AP-2775,Surovi Agro Industries Limited,Mango,Anthracnose,0.5 ml/Litre of water
FUNGICIDE,Propiconazole (15%),Two Zole 30 SC,AP-3079,East West Crop Science Limited,Tea,"Die back, Black rot",750 ml
FUNGICIDE,Propiconazole (15%),Ricozole 300 EC,AP-3080,Rico Agrovet,Tea,"Die back, Black rot",750 ml
FUNGICIDE,Propiconazole (15%),Differ 300 EC,AP-3081,ACI Agrochemicals Limited,Tea,"Die back, Black rot",750 ml
FUNGICIDE,Propiconazole (15%),Dial 300 EC,AP-3082,Valent Tech Limited,Banana,Sigatoka,0.5 ml/Litre of water
FUNGICIDE,Propiconazole (15%),Banner 300 EC,AP-3246,Amco Agricultural Industries,Cucumber,Powdery mildew,2 ml/Litre of water
FUNGICIDE,Propiconazole (15%),A-One 300 EC,AP-3247,Aranya Crop Care Limited,Cucumber,Powdery mildew,2 ml/Litre of water
FUNGICIDE,Propiconazole (15%),Monizole 300 EC,AP-3248,Agro Monitor,Cucumber,Powdery mildew,2 ml/Litre of water
FUNGICIDE,Propiconazole (15%),Endavour 300 EC,AP-3249,Atherton Imbros Company Limited,Cucumber,Powdery mildew,2 ml/Litre of water
FUNGICIDE,Propiconazole (15%),Quilt 300 EC,AP-3250,Bangladesh Agricultural Industries,Cucumber,Powdery mildew,2 ml/Litre of water
FUNGICIDE,Dimethomorph (9%) + Mancozeb (60%),Acrobat MZ,AP-353,BASF Bangladesh Limited,Potato & Tomato,Early & Late blight,2.00 Kg
FUNGICIDE,Dimethomorph (9%) + Mancozeb (60%),Acrobat MZ,AP-353,BASF Bangladesh Limited,Chili,Anthracnose,2.00 Kg
FUNGICIDE,Dimethomorph (9%) + Mancozeb (60%),Acrobat MZ,AP-353,BASF Bangladesh Limited,Banana,Leaf spot,2.00 Kg
FUNGICIDE,Dimethomorph (9%) + Mancozeb (60%),Acrobat MZ,AP-353,BASF Bangladesh Limited,Ground nut,Tikka rust,2.00 Kg
FUNGICIDE,Dimethomorph (9%) + Mancozeb (60%),Forum MZ,AP-2535,BASF Bangladesh Limited,Potato,Late blight,2 gm/Litre of water
FUNGICIDE,Dimethomorph (9%) + Mancozeb (60%),Hasin 69 WP,AP-3235,Intefa,Cucumber,Powdery mildew,2 gm/Litre of water
FUNGICIDE,Diniconazole,Merabow 12.5 WP,AP-984,MAP Agro Industries Limited,Ground nut,Tikka,2 gm/Litre of water
FUNGICIDE,Edifenphos,Edifen 50 EC,AP-268,Shetu Pesticides Limited,Rice,"Blast, Blister blight & Brown blight",850 ml
FUNGICIDE,Epoxiconazol,Opal 7.5 EC,AP-2314,BASF Bangladesh Limited,Rice,Sheath blight,1.25 Litre
FUNGICIDE,Epoxiconazol,Opal 7.5 EC,AP-2314,BASF Bangladesh Limited,Cucurbit,Powder mildew,2.5 ml/Litre of water
FUNGICIDE,Epoxiconazol (12.5%) + Carbendazim (12.5%),Rista 25 SC,AP-3226,Eon Trading House,Cucumber,Powder mildew,800 ml
FUNGICIDE,Fusilazole,Nustar 40 EC,AP-1523,Petrochem Agro Industries Ltd.,Rice,Sheath blight,200 ml
FUNGICIDE,Fusilazole,Nustar 40 EC,AP-1523,Petrochem Agro Industries Ltd.,Chili,Anthracnose,150 ml/ha
FUNGICIDE,Fusilazole (12.5%) + Carbendazim (25%),Pacer 37.5 SC,AP-3141,Eon Trading House,Wheat,Leaf blight,600 ml
FUNGICIDE,Hexaconazole,Contaf 5 EC,AP-460,Auto Crop Care Limited,Rice,Sheath blight,500 ml
FUNGICIDE,Hexaconazole,Contaf 5 EC,AP-460,Auto Crop Care Limited,Banana,Sigatoka,1 ml/Litre of water
FUNGICIDE,Hexaconazole,Contaf 5 EC,AP-460,Auto Crop Care Limited,Cucurbits,Powdery mildew,1 ml/Litre of water
FUNGICIDE,Hexaconazole,Contaf 5 EC,AP-460,Auto Crop Care Limited,Tea,Red rust disease,750 ml
FUNGICIDE,Hexaconazole,Contaf 5 EC,AP-460,Auto Crop Care Limited,Mango,Powdery mildew and Anthracnose,2 ml/Litre of water
FUNGICIDE,Hexaconazole,Contaf 5 EC,AP-460,Auto Crop Care Limited,Ground nut,Tikka disease,1 ml/Litre of water
FUNGICIDE,Hexaconazole,Contaf 5 EC,AP-460,Auto Crop Care Limited,Bettle Vine,"Leaf rot, Vine rot & blight",1 ml/Litre of water
FUNGICIDE,Hexaconazole,Hayconazol 5 EC,AP-713,Haychem (Bangladesh) Limited,Banana,Sigatoka,1 ml/Litre of water
FUNGICIDE,Hexaconazole,Hayconazol 5 EC,AP-713,Haychem (Bangladesh) Limited,Cucurbits,Powdery mildew,1 gm/litre of water
FUNGICIDE,Hexaconazole,Hayconazol 5 EC,AP-713,Haychem (Bangladesh) Limited,Rice,Sheath blight/Blast,500 ml
FUNGICIDE,Hexaconazole,Force 5 EC,AP-717,The Limit Agroproducts Limited,Banana,Sigatoka,1 ml/Litre of water
FUNGICIDE,Hexaconazole,Force 5 EC,AP-717,The Limit Agroproducts Limited,Tea,Red rust,750 ml
FUNGICIDE,Hexaconazole,Force 5 EC,AP-717,The Limit Agroproducts Limited,Rice,Sheath blight,500 ml
FUNGICIDE,Hexaconazole,Control 5 EC,AP-782,SARK Bangladesh,Cucurbits,Powdery mildew,1 ml/Litre of water
FUNGICIDE,Hexaconazole,Control 5 EC,AP-782,SARK Bangladesh,Banana,Sigatoka,0.5 ml/Litre of water
FUNGICIDE,Hexaconazole,Control 5 EC,AP-782,SARK Bangladesh,Rice,Sheath blight,500 ml
FUNGICIDE,Hexaconazole,Paragon 5 EC,AP-858,Agro Continent Bangladesh,Banana,Sigatoka,500 ml
FUNGICIDE,Hexaconazole,Paragon 5 EC,AP-858,Agro Continent Bangladesh,Tea,"Die back,Black rot, Red rust",750 ml
FUNGICIDE,Hexaconazole,Titan 5 EC,AP-895,Larsen Chemical Industries (Pvt) Ltd,Tea,Red rust,500 ml
FUNGICIDE,Hexaconazole,Titan 5 EC,AP-895,Larsen Chemical Industries (Pvt) Ltd,Rice,Sheath blight,500 ml
FUNGICIDE,Hexaconazole,Titan 5 EC,AP-895,Larsen Chemical Industries (Pvt) Ltd,Ground nut,Tikka disease,1.00 Litre
FUNGICIDE,Hexaconazole,Titan 5 EC,AP-895,Larsen Chemical Industries (Pvt) Ltd,Mango,Anthracnose,1 m/litre of water
FUNGICIDE,Hexaconazole,Titan 5 EC,AP-895,Larsen Chemical Industries (Pvt) Ltd,Banana,Sigatoka,1 ml/Litre of water
FUNGICIDE,Hexaconazole,Megazole 5 EC,AP-917,Mosco Marketing Company,Banana,Sigatoka,1 ml/Litre of water
FUNGICIDE,Hexaconazole,Xentho 5 EC,AP-978,SAMP Limited,Garden pea,Powdery mildew,1 ml/Litre of water
FUNGICIDE,Hexaconazole,Orozole 5 SC,AP-1020,Oroni International Limited,Rice,Sheath blight,1.0 Litre
FUNGICIDE,Hexaconazole,Orozole 5 SC,AP-1020,Oroni International Limited,Banana,Sigatoka,1 ml/Litre of water
FUNGICIDE,Hexaconazole,Sedozole 5 EC,AP-1045,MARP Bangladesh,Garden pea,Powdery mildew,1 ml/Litre of water
FUNGICIDE,Hexaconazole,Conza 5 EC,AP-1047,ACI Formulations Limited,Garden pea,Powdery mildew,1 ml/Litre of water
FUNGICIDE,Hexaconazole,Conza 5 EC,AP-1047,ACI Formulations Limited,Mango,Anthracnose,2 m/litre of water
FUNGICIDE,Hexaconazole,Conza 5 EC,AP-1047,ACI Formulations Limited,Banana,Sigatoka,1 ml/Litre of water
FUNGICIDE,Hexaconazole,Conza 5 EC,AP-1048,ACI Formulations Limited,Rice,Sheath blight,500 ml
FUNGICIDE,Hexaconazole,Forward 5 SC,AP-1139,MAP Agro Industries Limited,Garden pea,Powdery mildew,1 ml/Litre of water
FUNGICIDE,Hexaconazole,Krizole 5 EC,AP-1199,McDonald Crop Care Limited,Mango,Anthracnose,1 ml/litre of water
FUNGICIDE,Hexaconazole,Krizole 5 EC,AP-1199,McDonald Crop Care Limited,Banana,Sigatoka,1 ml/litre of water
FUNGICIDE,Hexaconazole,Krizole 5 EC,AP-1199,McDonald Crop Care Limited,Rice,Sheath blight,500 ml
FUNGICIDE,Hexaconazole,Baiconazole 5 EC,AP-1353,Bangladesh Agricultural Industries,Cucurbits,Powdery mildew,1 ml/Litre of water
FUNGICIDE,Hexaconazole,Chokka 5 EC,AP-1349,Eon Agro Industries Limited,Cucurbits,Powdery mildew,1 ml/Litre of water
FUNGICIDE,Hexaconazole,Chokka 5 EC,AP-1349,Eon Agro Industries Limited,Rice,Sheath blight,500 ml
FUNGICIDE,Hexaconazole,Blezole 5 EC,AP-1361,Blessing Agrovet Industries Limited,Chili,Anthracnose,1 ml/litre of water
FUNGICIDE,Hexaconazole,Blezole 5 EC,AP-1362,Blessing Agrovet Industries Limited,Banana,Sigatoka,1 ml/litre of water
FUNGICIDE,Hexaconazole,Blezole 5 EC,AP-1363,Blessing Agrovet Industries Limited,Rice,Sheath blight,500 ml
FUNGICIDE,Hexaconazole,Hexazole 5 EC,AP-1393,Haychem (Bangladesh) Limited,Tea,"Red rust, Die-back, Black rot",750 ml in 1000 lt of water
FUNGICIDE,Hexaconazole,Hexazole 5 EC,AP-1393,Haychem (Bangladesh) Limited,Banana,Sigatoka,500 ml
FUNGICIDE,Hexaconazole,Hexazole 5 EC,AP-1393,Haychem (Bangladesh) Limited,Rice,Sheath blight,500 ml
FUNGICIDE,Hexaconazole,Detail 5 SC,AP-1498,Alpha Agro Limited,Mango,Anthracnose,1 ml/litre of water
FUNGICIDE,Hexaconazole,Detail 5 SC,AP-1498,Alpha Agro Limited,Chili,Tikka rust spot,1 ml/litre of water
FUNGICIDE,Hexaconazole,Pochamin 10 EC,AP-1602,Axil Life Sciences Limited,Banana,Sigatoka,1 ml/litre of water
FUNGICIDE,Hexaconazole,Iconazole 5 EC,AP-1615,Integrated Crop Solution Bangladesh,Banana,Sigatoka,1 ml/Litre of water
FUNGICIDE,Hexaconazole,Hexaron 5 EC,AP-1633,Sweet Agrovet Limited,Banana,Sigatoka,1 ml/Litre of water
FUNGICIDE,Hexaconazole,Hexa 5 EC,AP-1676,ACI Formulations Limited,Mango,"Anthracnose, Powdery mildew",2 ml/Litre of water
FUNGICIDE,Hexaconazole,Hexa 5 EC,AP-1676,ACI Formulations Limited,Rice,Sheath blight,500 ml
FUNGICIDE,Hexaconazole,Hexa 5 EC,AP-1676,ACI Formulations Limited,Tea,"Red rust, Die-back, Black rot",750 ml in 1000 lt of water
FUNGICIDE,Hexaconazole,Sun Plus 5 EC,AP-1708,Sun Seed Pesticides,Mango,Anthracnose,2 ml/Litre of water
FUNGICIDE,Hexaconazole,Sun Plus 5 EC,AP-1708,Sun Seed Pesticides,Banana,Sigatoka,1 ml/Litre of water
FUNGICIDE,Hexaconazole,Shabab 5 EC,AP-1758,Intefa,Banana,Sigatoka,1 ml/Litre of water
FUNGICIDE,Hexaconazole,Shabab 5 EC,AP-1758,Intefa,Mango,"Anthracnose, Powdery mildew",2 ml/Litre of water
FUNGICIDE,Hexaconazole,Shabab 5 EC,AP-1758,Intefa,Rice,Sheath blight,500 ml
FUNGICIDE,Hexaconazole,Herazole 5 EC,AP-1774,Corbel International Limited,Rice,Sheath blight,500 ml
FUNGICIDE,Hexaconazole,Amacon 5 EC,AP-1855,Aamagreen Agro limited,Tea,"Red rust, Die-back, Black rot",750 ml in 1000 lt of water
FUNGICIDE,Hexaconazole,Amacon 5 EC,AP-1855,Aamagreen Agro limited,Mango,Powdery mildew,2 ml/Litre of water
FUNGICIDE,Hexaconazole,Index 5 EC,AP-1856,Byco Agro Chemicals,Tea,"Red rust, Die-back, Black rot",750 ml in 1000 lt of water
FUNGICIDE,Hexaconazole,Index 5 EC,AP-1856,Byco Agro Chemicals,Mango,Powdery mildew,1 ml/Litre of water
FUNGICIDE,Hexaconazole,Hexakil 5 EC,AP-1857,Padma Agro Sprayers Co.,Tea,"Red rust, Die-back, Black rot",750 ml in 1000 lt of water
FUNGICIDE,Hexaconazole,Flash 5 EC,AP-1858,A M Traders,Tea,"Red rust, Die-back, Black rot",750 ml in 1000 lt of water
FUNGICIDE,Hexaconazole,Bicotaf 5 EC,AP-1868,Bismillah Corporation Limited,Tea,"Die-back, Black rot",750 ml in 1000 lt of water
FUNGICIDE,Hexaconazole,Bicotaf 5 EC,AP-1868,Bismillah Corporation Limited,Cucurbits,Powdery mildew,1 ml/Litre of water
FUNGICIDE,Hexaconazole,Primezole 5 EC,AP-1869,Prime Agro Limited,Tea,"Die-back, Black rot",750 ml in 1000 lt of water
FUNGICIDE,Hexaconazole,Hexanol 5 EC,AP-1970,Agro Business Support Limited,Tea,"Die-back, Black rot",750 ml in 1000 lt of water
FUNGICIDE,Hexaconazole,Topzol 5 EC,AP-1971,Agrivision International,Tea,"Die-back, Black rot",750 ml in 1000 lt of water
FUNGICIDE,Hexaconazole,Konock 5 EC,AP-1872,Crop Protection & Care Center,Chili,Anthracnose,1 ml/Litre of water
FUNGICIDE,Hexaconazole,Hexagold 5 EC,AP-1873,Asia Trade International,Mango,"Anthracnose, Powdery mildew",1 ml/Litre of water
FUNGICIDE,Hexaconazole,Seconazole 5 EC,AP-1874,Sealand Agro Industries Limited,Mango,"Anthracnose, Powdery mildew",1 ml/Litre of water
FUNGICIDE,Hexaconazole,Seconazole 5 EC,AP-1874,Sealand Agro Industries Limited,Banana,Sigatoka,1 ml/Litre of water
FUNGICIDE,Hexaconazole,Hexan 5 EC,AP-1875,Assent International,Tea,"Red rust, Die-back, Black rot",750 ml in 1000 lt of water
FUNGICIDE,Hexaconazole,Ravzole 5 EC,AP-2180,Raven Agro Chemicals Limited,Banana,Sigatoka,1 ml/Litre of water
FUNGICIDE,Hexaconazole,Getzole 5 EC,AP-2302,One Agro Concern,Banana,Sigatoka,1 ml/Litre of water
FUNGICIDE,Hexaconazole,Pelert 5 EC,AP-2303,Petrochem Agro Industries Ltd.,Banana,Sigatoka,1 ml/Litre of water
FUNGICIDE,Hexaconazole,Janata 5 EC,AP-2304,Home Pest Control,Banana,Sigatoka,1 ml/Litre of water
FUNGICIDE,Hexaconazole,Hazel 5 EC,AP-2495,Dreamland Agro Products,Tea,"Red rust, Die-back, Black rot",750 ml in 1000 lt of water
FUNGICIDE,Hexaconazole,Furazol 5 EC,AP-2496,Sun Corporation,Tea,"Red rust, Die-back, Black rot",750 ml in 1000 lt of water
FUNGICIDE,Hexaconazole,Visha 5 EC,AP-2497,Nidus Agro,Tea,"Red rust, Die-back, Black rot",750 ml in 1000 lt of water
FUNGICIDE,Hexaconazole,Rexizole 5 EC,AP-2498,Reximco Insecticides Limited,Tea,"Red rust, Die-back, Black rot",750 ml in 1000 lt of water
FUNGICIDE,Hexaconazole,Rexizole 5 EC,AP-2498,Reximco Insecticides Limited,Mango,Anthracnose,1 ml/Litre of water
FUNGICIDE,Hexaconazole,Greenzole 5 EC,AP-2499,Green Bangla Agrovet Limited,Chili,Anthracnose,1 ml/Litre of water
FUNGICIDE,Hexaconazole,Curezole 50 SC,AP-2500,Mary Gold Agro Science,Mango,Anthracnose,1 ml/Litre of water
FUNGICIDE,Hexaconazole,Adhezole 5 EC,AP-2501,Advanced Agricultural Solution Ltd,Mango,Anthracnose,1 ml/Litre of water
FUNGICIDE,Hexaconazole,Sicohexa 5 EC,AP-2502,S S Vision Limited,Cucurbits,Powdery mildew,1 ml/Litre of water
FUNGICIDE,Hexaconazole,Sicohexa 5 EC,AP-2502,S S Vision Limited,Banana,Sigatoka,1 ml/litre of water
FUNGICIDE,Hexaconazole,Butazole 50 SC,AP-2503,Crop Life Agro Chemicals Ltd,Cucurbits,Powdery mildew,1 ml/Litre of water
FUNGICIDE,Hexaconazole,Nato 10 EC,AP-2618,Agro Chem Agribusiness,Mango,Powdery mildew,1 ml/Litre of water
FUNGICIDE,Hexaconazole,Hexapure 5 EC,AP-2779,Sahid Enterprise,Banana,Sigatoka,1 ml/litre of water
FUNGICIDE,Hexaconazole,Maczole 5 EC,AP-2780,Mahir Agro Care,Banana,Sigatoka,1 ml/litre of water
FUNGICIDE,Hexaconazole,Setel 5 EC,AP-2781,Rahman Pesticide & Chemicals Co.,Banana,Sigatoka,1 ml/litre of water
FUNGICIDE,Hexaconazole,Winzole 10 EC,AP-2782,A R Khan & Co.,Mango,Powdery mildew,1 ml/Litre of water
FUNGICIDE,Hexaconazole,Winzole 10 EC,AP-2782,A R Khan & Co.,Mango,Anthracnose,1 ml/Litre of water
FUNGICIDE,Hexaconazole,T-Hexa 5 EC,AP-3083,H P Distributor,Tea,"Die back, Black rot",750 ml
FUNGICIDE,Hexaconazole,Fasal Hexa 5 EC,AP-3084,Green Bangla Formulation,Tea,"Die back, Black rot",750 ml
FUNGICIDE,Hexaconazole,Fasal Hexa 5 EC,AP-3084,Green Bangla Formulation,Mango,Anthracnose,1 ml/Litre of water
FUNGICIDE,Hexaconazole,Fizole 5 EC,AP-3085,West Agro Chemicals Industries,Mango,Anthracnose,1 ml/Litre of water
FUNGICIDE,Hexaconazole,Ibex 5 EC,AP-3086,Agro Link (BD),Tea,"Red rust, Die back, Black rot",750 ml
FUNGICIDE,Hexaconazole,Ibex 5 EC,AP-3086,Agro Link (BD),Sweet guard,Powder mildew,1 ml/Litre of water
FUNGICIDE,Hexaconazole,Pro-zole 5 EC,AP-3087,Pratasha International,Cucumber,Powdery mildew,1 ml/Litre of water
FUNGICIDE,Hexaconazole,S-Zole EC,AP-3088,S M Agro International,Tea,"Red rust, Die back, Black rot",750 ml
FUNGICIDE,Hexaconazole,Astozol 5 EC,AP-3089,Asrton Agri Care Bangladesh,Tea,"Red rust, Die back, Black rot",750 ml
FUNGICIDE,Hexaconazole,Kazol 5 EC,AP-3090,Gurpukur Corporation,Tea,"Red rust, Die back, Black rot",750 ml
FUNGICIDE,Hexaconazole,G-Conazole 10 EC,AP-3091,GME Agro Limited,Tea,"Red rust, Die back, Black rot",500 ml
FUNGICIDE,Hexaconazole,Zole ST 10 EC,AP-3090,Symbiosis Technology,Tea,"Red rust, Die back, Black rot",500 ml
FUNGICIDE,Hexaconazole,Abazole 5 EC,AP-3215,Aranya Crop Care Limited,Cucumber,Powdery mildew,1 ml/Litre of water
FUNGICIDE,Hexaconazole,Exzole 5 SC,AP-3218,Cobra Agro Chemical Industries,Cucumber,Powdery mildew,1 ml/Litre of water
FUNGICIDE,Hexaconazole,Benzole 5 EC,AP-3228,Bengal Agro Chemicals Industries,Cucumber,Powdery mildew,1 ml/Litre of water
FUNGICIDE,Hexaconazole,Unihexa 5 EC,AP-3229,Unicrop Protection Limited,Cucumber,Powdery mildew,1 ml/Litre of water
FUNGICIDE,Hexaconazole,Lilizole 5 EC,AP-3230,Lily Traders,Cucumber,Powdery mildew,1 ml/Litre of water
FUNGICIDE,Hexaconazole,Hexicon 5 EC,AP-3231,Siam Agro,Cucumber,Powdery mildew,1 ml/Litre of water
FUNGICIDE,Hexaconazole,Sahzole 5 EC,AP-3232,Shahjalal Agro Industries,Cucumber,Powdery mildew,1 ml/Litre of water
FUNGICIDE,Hexaconazole,Greatzole 5 EC,AP=3233,Great Agro Care,Cucumber,Powdery mildew,1 ml/Litre of water
FUNGICIDE,Iprodione,Rovral 50 WP,AP-143,Bayer CropScience Limited,Mustard,Alternaria spot,1.00 Kg
FUNGICIDE,Iprodione,Rovral 50 WP,AP-143,Bayer CropScience Limited,Onion,Purple blotch,1.00 Kg
FUNGICIDE,Iprodione,Curate 50 WP,AP-1352,Crop Protection & Care Center,Mustard,Alternaria bright,1 gm/litre of water
FUNGICIDE,Iprodione,Curate 50 WP,AP-1352,Crop Protection & Care Center,Onion,Purple blotch,2 gm/litre of water
FUNGICIDE,Iprodione,Curate 50 WP,AP-1352,Crop Protection & Care Center,Tomato,Early blight,2 gm/litre of water
FUNGICIDE,Iprodione,Iprosun 50 WP,AP-1354,Oroni International Limited,Mustard,Alternaria bright,1 gm/litre of water
FUNGICIDE,Iprodione,Iprosun 50 WP,AP-1354,Oroni International Limited,Onion,Purple blotch,2 gm/litre of water
FUNGICIDE,Iprodione,Iprosun 50 WP,AP-1354,Oroni International Limited,Chili,Anthracnose &  Powdery mildew,2 gm/litre of water
FUNGICIDE,Iprodione,Evaral 50 WP,AP-1356,E H & Agrovet Limited,Mustard,Alternaria bright,1 gm/litre of water
FUNGICIDE,Iprodione,Rovanon 50 WP,AP-1385,ACI Formulations Limited,Onion,Purple blotch,2 gm/litre of water
FUNGICIDE,Iprodione,Rovanon 50 WP,AP-1385,ACI Formulations Limited,Mustard,Alternaria bright,1 gm/litre of water
FUNGICIDE,Iprodione,Sinobral 50 WP,AP-1701,Omnechem Limited,Mustard,Alternaria bright,1 gm/litre of water
FUNGICIDE,Iprodione,Hayprodione 50 WP,AP-1702,Haychem (Bangladesh) Limited,Mustard,Alternaria bright,1 gm/litre of water
FUNGICIDE,Iprodione,Googlee 50 WP,AP-1703,East West Crop Science,Mustard,Alternaria bright,1 gm/litre of water
FUNGICIDE,Iprodione,Sevral 50 WP,AP-1706,Atherton Imbros Company Limited,Mustard,Alternaria bright,2 gm/litre of water
FUNGICIDE,Iprodione,Sevral 50 WP,AP-1706,Atherton Imbros Company Limited,Chili,Anthracnose,1 gm/litre of water
FUNGICIDE,Iprodione,Sevral 50 WP,AP-1706,Atherton Imbros Company Limited,Onion,Purple blotch,2 gm/litre of water
FUNGICIDE,Iprodione,Ipron 50 WP,AP-1880,Lorota International,Chili,Anthracnose,2 gm/litre of water
FUNGICIDE,Iprodione,Aristodione 50 WP,AP-1881,Aristocrat Agro Services,Onion,Purple blotch,2 gm/litre of water
FUNGICIDE,Iprodione,Aristodione 50 WP,AP-1881,Aristocrat Agro Services,Mustard,Alternaria blight,1 gm/litre of water
FUNGICIDE,Iprodione,Agrodione 50 WP,AP-1883,Partex Agro Limited,Onion,Purple blotch,2 gm/litre of water
FUNGICIDE,Iprodione,Agrodione 50 WP,AP-1883,Partex Agro Limited,Mustard,Alternaria blight,2 gm/litre of water
FUNGICIDE,Iprodione,Agrodione 50 WP,AP-1883,Partex Agro Limited,Tomato,Early blight,2 gm/litre of water
FUNGICIDE,Iprodione,Memoral 50 WP,AP-1884,Asia Trade International,Mustard,Alternaria blight,2 gm/litre of water
FUNGICIDE,Iprodione,Alphadione 50 WP,AP-1888,Alpha Agro Limited,Onion,Purple blotch,1 gm/litre of water
FUNGICIDE,Iprodione,Alphadione 50 WP,AP-1888,Alpha Agro Limited,Mustard,Alternaria blight,1 gm/litre of water
FUNGICIDE,Iprodione,Okral 50 WP,AP-1927,Marshal Agrovet Chemical Industries Ltd,Onion,Purple blotch,2 gm/litre of water
FUNGICIDE,Iprodione,Okral 50 WP,AP-1927,Marshal Agrovet Chemical Industries Ltd,Mustard,Alternaria blight,1 gm/litre of water
FUNGICIDE,Iprodione,Imperial 50 WP,AP-2540,Bangladesh Agricultural Industries,Onion,Purple blotch,2 gm/Litre of water
FUNGICIDE,Iprodione,Imperial 50 WP,AP-2540,Bangladesh Agricultural Industries,Mustard,Alternaria blight,2 gm/litre of water
FUNGICIDE,Iprodione,RPC 50 WP,AP-2541,Rahman Pesticide & Chemicals Co.,Mustard,Alternaria blight,2 gm/litre of water
FUNGICIDE,Iprodione,Ipro 50 WP,AP-2542,Sweet Agrovet Limited,Mustard,Alternaria blight,1 gm/litre of water
FUNGICIDE,Iprodione,Telus 50 WP,AP-2543,Anika Agro Chemicals,Mustard,Alternaria blight,1 gm/litre of water
FUNGICIDE,Iprodione,Ruvi One 50 WP,AP-3145,Astron Agri Care Bangladesh,Tea,"Die back, Black rot",1.00 Kg
FUNGICIDE,Iprodione,Pottary 50 WP,AP-3146,Aama Green Care,Tomato,Early blight,2 gm/litre of water
FUNGICIDE,Iprodione,Rexral 50 WP,AP-3147,Reximco Insecticides Limited,Tomato,Early blight,2 gm/litre of water
FUNGICIDE,Iprodione,Match 50 WP,AP-3148,Amco Agricultural Industries,Mustard,Alternaria spot,1 gm/litre of water
FUNGICIDE,Iprodione,Rotund 50 WP,AP-3149,Maitri Agro Industries,Mustard,Alternaria spot,1 gm/litre of water
FUNGICIDE,Iprodione  (35%) + Carbendazim (17.5%),Iprozim 26 WP,AP-1355,Oroni International Limited,Mustard,Alternaria bright,1 gm/litre of water
FUNGICIDE,Iprodione  (35%) + Carbendazim (17.5%),Iprozim 26 WP,AP-1355,Oroni International Limited,Onion,Purple blotch,2 gm/litre of water
FUNGICIDE,Iprodione  (35%) + Carbendazim (17.5%),Iprozim 26 WP,AP-1355,Oroni International Limited,Potato,Late blight,2 gm/litre of water
FUNGICIDE,Iprodione  (35%) + Carbendazim (17.5%),Iprozim 26 WP,AP-1355,Oroni International Limited,Sugarcane,Sett rot,2 gm/litre of water
FUNGICIDE,Isoprothiolane,Fujione 40 EC,AP-665,Auto Crop Care Limited,Mango,Anthracnose,1 ml/Litre of water
FUNGICIDE,Isoprothiolane,Fujione 40 EC,AP-665,Auto Crop Care Limited,Rice,Sheath blight,750 ml
FUNGICIDE,Kasugamycin,Kasumin 2% Liquid,AP-1357,Shetu Corporation Limited,Chili,Anthracnose,0.5 ml/Litre of water
FUNGICIDE,Kasugamycin,Kasumin 2% Liquid,AP-1357,Shetu Corporation Limited,Wheat,Leaf rust,0.5 ml/Litre of water
FUNGICIDE,Kasugamycin,Kasumin 2% Liquid,AP-1357,Shetu Corporation Limited,Mango,Anthracnose,0.5 ml/Litre of water
FUNGICIDE,Mancozeb,Nemispore 80 WP,AP-166,ACI Formulations Limited,Potato,Late & Early blight,2.50 Kg/1000Lt water
FUNGICIDE,Mancozeb,Pencozeb 80 WP,AP-242,Shetu Pesticides Limited,Potato,Late blight,2.24 kg
FUNGICIDE,Mancozeb,Pencozeb 80 WP,AP-242,Shetu Pesticides Limited,Ground nut,Tikka rust,2 gm/Litre of water
FUNGICIDE,Mancozeb,Pencozeb 80 WP,AP-242,Shetu Pesticides Limited,Tomato,Early blight,2 gm/Litre of water
FUNGICIDE,Mancozeb,Pencozeb 80 WP,AP-242,Shetu Pesticides Limited,Mango,Anthracnose,2 gm/Litre of water
FUNGICIDE,Mancozeb,Indofil M 45,AP-272,Auto Crop Care Limited,Potato,Late blight,2 gm/Litre of water
FUNGICIDE,Mancozeb,Indofil M 46,AP-272,Auto Crop Care Limited,Onion,Purple blotch,2 gm/Litre of water
FUNGICIDE,Mancozeb,Indofil M 47,AP-272,Auto Crop Care Limited,Mango,Powdery mildew and Anthracnose,2 gm/Litre of water
FUNGICIDE,Mancozeb,Edcozeb 80 WP,AP-273,Sea Trade Fertilizer Limited,Potato,Late blight,2 gm/Litre of water
FUNGICIDE,Mancozeb,Edcozeb 80 WP,AP-273,Sea Trade Fertilizer Limited,Tomato,Early blight,2 gm/Litre of water
FUNGICIDE,Mancozeb,Edcozeb 80 WP,AP-273,Sea Trade Fertilizer Limited,Mango,Anthracnose,2 gm/Litre of water
FUNGICIDE,Mancozeb,Razland 80 WP,AP-351,ACI Formulations Limited,Potato & Tomato,Late & Early blight,2 gm/Litre of water
FUNGICIDE,Mancozeb,Suncozeb 80 WP,AP-352,Shetu Corporation Limited,Potato & Tomato,Late blight,2 gm/Litre of water
FUNGICIDE,Mancozeb,Cozeb 80 WP,AP-448,Alpha Agro Limited,Potato,Late blight,2 gm/Litre of water
FUNGICIDE,Mancozeb,Cozeb 80 WP,AP-448,Alpha Agro Limited,Tomato,Late blight,2 gm/Litre of water
FUNGICIDE,Mancozeb,Golden M 45,AP-464,Atherton Imbros Company Limited,Potato,Late blight,2 gm/Litre of water
FUNGICIDE,Mancozeb,McZidan 80 WP,AP-465,McDonald Bangladesh (Pvt) Limited,Potato,Late blight,2 gm/Litre of water
FUNGICIDE,Mancozeb,McZidan 80 WP,AP-465,McDonald Bangladesh (Pvt) Limited,Tomato,Early blight,2 gm/Litre of water
FUNGICIDE,Mancozeb,McZidan 80 WP,AP-465,McDonald Bangladesh (Pvt) Limited,Mango,Anthracnose,2 gm/Litre of water
FUNGICIDE,Mancozeb,Filthane M 45,AP-504,Agritech,Potato,Late blight,2 gm/Litre of water
FUNGICIDE,Mancozeb,LM 45,AP-526,The Limit Agroproducts Limited,Potato,Late blight,2 gm/Litre of water
FUNGICIDE,Mancozeb,Dithane M 45,AP-546,Bayer CropScience Limited,Potato,Early & Late blight,2.20 Kg
FUNGICIDE,Mancozeb,Dithane M 46,AP-547,Bayer CropScience Limited,Jute,Stem rot,2.20 Kg
FUNGICIDE,Mancozeb,Dithane M 47,AP-547,Bayer CropScience Limited,Peanut,Tikka disease,2.20 Kg
FUNGICIDE,Mancozeb,Agrizeb 80 WP,AP-603,Square Pharmaceuticals Limited,Potato,Late blight,2 gm/litre of water
FUNGICIDE,Mancozeb,Vondozeb 42 SC,AP-608,Naafco (Private) Limited,Banana,Sigatoka,3 ml litre of water
FUNGICIDE,Mancozeb,Vondozeb 42 SC,AP-608,Naafco (Private) Limited,Potato,Late blight,2 gm/Litre of water
FUNGICIDE,Mancozeb,Haymancozeb 80 WP,AP-610,Haychem (Bangladesh) Limited,Potato,Late blight,2 gm litre of water
FUNGICIDE,Mancozeb,Haymancozeb 80 WP,AP-610,Haychem (Bangladesh) Limited,Tomato,Wilt,2 mg litre of water
FUNGICIDE,Mancozeb,Haymancozeb 80 WP,AP-610,Haychem (Bangladesh) Limited,Onion,Purple blotch,2 gm/Litre of water
FUNGICIDE,Mancozeb,Shinmazeb 80 WP,AP-615,Petrochem (Bangladesh) Limited,Potato,Late blight,2 gm/litre of water
FUNGICIDE,Mancozeb,Shinmazeb 80 WP,AP-615,Petrochem (Bangladesh) Limited,Tomato,Early blight,2 gm/Litre of water
FUNGICIDE,Mancozeb,Mosum M 80 WP,AP-626,Axil Life Sciences Limited,Potato,Late blight,2 gm litre of water
FUNGICIDE,Mancozeb,Corozeb 80 WP,AP-711,Corbel Chemical International Ltd.,Potato,Late blight,2 gm litre of water
FUNGICIDE,Mancozeb,Flowin HT,AP-712,Auto Crop Care Limited,Banana,Sigatoka,1 ml/Litre of water
FUNGICIDE,Mancozeb,Flowin HT,AP-712,Auto Crop Care Limited,Potato,Late blight,3.50 ml/litre of water
FUNGICIDE,Mancozeb,Flowin HT,AP-712,Auto Crop Care Limited,Mango,Anthracnose,2 ml/litre of water
FUNGICIDE,Mancozeb,Dencozeb 80 WP,AP-718,Reximco Insecticides Limited,Banana,Sigatoka,1 ml/Litre of water
FUNGICIDE,Mancozeb,Dencozeb 80 WP,AP-718,Reximco Insecticides Limited,Potato,Late blight,2 gm/Litre of water
FUNGICIDE,Mancozeb,Uthane 80 WP,AP-785,United Phosphorus (Bangladesh) Ltd,Potato,Late blight,2 gm/Litre of water
FUNGICIDE,Mancozeb,Manner M-45,AP-786,SAMP Limited,Potato,Late blight,2 gm/Litre of water
FUNGICIDE,Mancozeb,Mancovit 80 WP,AP-787,Haychem (Bangladesh) Limited,Potato,Late blight,2 gm/Litre of water
FUNGICIDE,Mancozeb,Mancovit 80 WP,AP-787,Haychem (Bangladesh) Limited,Tomato,Early blight,2 gm/Litre of water
FUNGICIDE,Mancozeb,Mancovit 80 WP,AP-787,Haychem (Bangladesh) Limited,Onion,Purple blotch,2 gm/Litre of water
FUNGICIDE,Mancozeb,M-Power 80 WP,AP-809,Maitri Agro Industries,Banana,Sigatoka,2 gm/Litre of water
FUNGICIDE,Mancozeb,M-Power 80 WP,AP-809,Maitri Agro Industries,Mango,Anthracnose,2 gm/Litre of water
FUNGICIDE,Mancozeb,Baizeb 80 WP,AP-859,Bangladesh Agricultural Industries,Banana,Sigatoka,2 gm/Litre of water
FUNGICIDE,Mancozeb,Baizeb 80 WP,AP-859,Bangladesh Agricultural Industries,Potato,Late blight,2 gm/Litre of water
FUNGICIDE,Mancozeb,Pestcozeb 80 WP,AP-861,Home Pest Control,Mango,"Powdery mildew, Anthracnose",2 gm/Litre of water
FUNGICIDE,Mancozeb,Onthane 80 WP,AP-965,One Agro Concern,Potato & Tomato,Early & Late blight,2 gm/Litre of water
FUNGICIDE,Mancozeb,Saver 80 WP,AP-970,MAP Agro Industries Limited,Tomato,Early & Late blight,2 gm/Litre of water
FUNGICIDE,Mancozeb,Saver 80 WP,AP-970,MAP Agro Industries Limited,Wheat,Leaf blight,2 gm/Litre of water
FUNGICIDE,Mancozeb,Kinmazeb 80 WP,AP-973,Omnichem Limited,Potato,Early & Late blight,2 gm/Litre of water
FUNGICIDE,Mancozeb,Goldzeb 80 WP,AP-975,Agrimax Bangladesh Limited,Potato,Early & Late blight,2 gm/Litre of water
FUNGICIDE,Mancozeb,Mancothane 80 WP,AP-1037,Agribusiness International,Tomato,Early & Late blight,2 gm/Litre of water
FUNGICIDE,Mancozeb,Mancothane 80 WP,AP-1037,Agribusiness International,Potato,Late blight,2 gm/Litre of water
FUNGICIDE,Mancozeb,Mancothane 80 WP,AP-1037,Agribusiness International,Ground nut,Powder mildew,2 gm/Litre of water
FUNGICIDE,Mancozeb,Meena 80 WP,AP-1053,East West Chemicals Limited,Tomato,Early & Late blight,2 gm/Litre of water
FUNGICIDE,Mancozeb,Meena 80 WP,AP-1054,East West Chemicals Limited,Potato,Late blight,2 gm/Litre of water
FUNGICIDE,Mancozeb,Meena 80 WP,AP-1055,East West Chemicals Limited,Mango,Anthracnose,2 gm/Litre of water
FUNGICIDE,Mancozeb,Media 80 WP,AP-1054,Global Agrovet Limited,Tomato,Early & Late blight,2 gm/Litre of water
FUNGICIDE,Mancozeb,Media 80 WP,AP-1054,Global Agrovet Limited,Potato,Late blight,2 gm/Litre of water
FUNGICIDE,Mancozeb,Media 80 WP,AP-1054,Global Agrovet Limited,Mango,Anthracnose,2 gm/Litre of water
FUNGICIDE,Mancozeb,Bicozeb M-45 80 WP,AP-1076,Bismillah Corporation Limited,Tomato,Early & Late blight,2 gm/Litre of water
FUNGICIDE,Mancozeb,Bicozeb M-45 80 WP,AP-1076,Bismillah Corporation Limited,Potato,Late blight,2 gm/Litre of water
FUNGICIDE,Mancozeb,Orozeb 80 WP,AP-1363,Oroni International Limited,Potato,Late blight,2 gm/Litre of water
FUNGICIDE,Mancozeb,Kafa 80 WP,AP-1362,Intefa,Potato,Late blight,2 gm/Litre of water
FUNGICIDE,Mancozeb,Kafa 80 WP,AP-1362,Intefa,Tomato,Early & Late blight,2 gm/Litre of water
FUNGICIDE,Mancozeb,Kencozeb M-45,AP-1373,S I Agro International,Potato,Late blight,2 gm/Litre of water
FUNGICIDE,Mancozeb,Kencozeb M-46,AP-1373,S I Agro International,Tomato,Early & Late blight,2 gm/Litre of water
FUNGICIDE,Mancozeb,Kusum 80 WP,AP-1374,Crop Protection & Care Center,Potato,Late blight,2 gm/Litre of water
FUNGICIDE,Mancozeb,Agrithane 80 WP,AP-1386,Agribusiness International,Onion,Purple blotch,2 gm/Litre of water
FUNGICIDE,Mancozeb,E-Zeb 80 WP,AP-1500,Eon Agro Industries Limited,Groundnut,Tikka,2 gm/Litre of water
FUNGICIDE,Mancozeb,E-Zeb 80 WP,AP-1500,Eon Agro Industries Limited,Potato,Late blight,2 gm/Litre of water
FUNGICIDE,Mancozeb,E-Zeb 80 WP,AP-1500,Eon Agro Industries Limited,Tomato,Alternaria blight,2 gm/Litre of water
FUNGICIDE,Mancozeb,Ashazeb 80 WP,AP-1594,Asia Trade International,Potato,Late blight,2 gm/Litre of water
FUNGICIDE,Mancozeb,Eco-M-45,AP-1596,Amco Agricultural Industries,Potato,Late blight,2 gm/Litre of water
FUNGICIDE,Mancozeb,Y-thene M 45,AP-1626,Marshal Agrovet Chemical Industries Ltd,Potato,Late blight,2 gm/Litre of water
FUNGICIDE,Mancozeb,Y-thene M 46,AP-1626,Marshal Agrovet Chemical Industries Ltd,Tomato,Alternaria blight,2 gm/Litre of water
FUNGICIDE,Mancozeb,Tyzeb 80 WP,AP-1631,Sweet Agrovet Limited,Potato,Late blight,2 gm/Litre of water
FUNGICIDE,Mancozeb,Merry 80 WP,AP-1683,Valent Tech Limited,Potato,Late blight,2 gm/Litre of water
FUNGICIDE,Mancozeb,BGM Special,AP-1685,Larsen Chemical Industries (Pvt) Ltd,Potato,Late blight,2 gm/Litre of water
FUNGICIDE,Mancozeb,Ascozeb 80 WP,AP-1687,Assign Crop Care Limited,Potato,Late blight,2 gm/Litre of water
FUNGICIDE,Mancozeb,Monozeb 80 WP,AP-1689,Mosco Marketing Company,Potato,Late blight,2 gm/Litre of water
FUNGICIDE,Mancozeb,Percozeb 80 WP,AP-1690,Perfect Agro Care,Potato,Late blight,2 gm/Litre of water
FUNGICIDE,Mancozeb,Percozeb 80 WP,AP-1690,Perfect Agro Care,Tomato,Alternaria blight,2 gm/Litre of water
FUNGICIDE,Mancozeb,Freshzeb 80 WP,AP-1691,Agro System Limited,Potato,Late blight,2 gm/Litre of water
FUNGICIDE,Mancozeb,I-Zeb 80 WP,AP-1693,Integrated Crop Solution Bangladesh,Potato,Late blight,2 gm/Litre of water
FUNGICIDE,Mancozeb,Mancoz 80 WP,AP-1694,Unicrop Protection Limited,Potato,Late blight,2 gm/Litre of water
FUNGICIDE,Mancozeb,Mancoz 80 WP,AP-1694,Unicrop Protection Limited,Mango,Powdery mildew,2 gm/Litre of water
FUNGICIDE,Mancozeb,Rexizeb 80 WP,AP-1697,Reximco Insecticides Limited,Potato,Late blight,2 gm/Litre of water
FUNGICIDE,Mancozeb,Rexizeb 80 WP,AP-1697,Reximco Insecticides Limited,Tomato,Alternaria blight,2 gm/Litre of water
FUNGICIDE,Mancozeb,Oppose 80 WP,AP-1698,Agro Continent Bangladesh,Potato,Late blight,2 gm/Litre of water
FUNGICIDE,Mancozeb,Oppose 80 WP,AP-1698,Agro Continent Bangladesh,Tomato,Alternaria blight,2 gm/Litre of water
FUNGICIDE,Mancozeb,Onezeb 80 WP,AP-1700,One Agro Concern,Potato,Late blight,2 gm/Litre of water
FUNGICIDE,Mancozeb,Greenzeb 80 WP,AP-1704,Green Harvest Limited,Tomato,Alternaria blight,2 gm/Litre of water
FUNGICIDE,Mancozeb,Ricozeb 80 WP,AP-1859,Rico Agrovet Industries Limited,Tea,Red rust,2.00 Kg
FUNGICIDE,Mancozeb,Goldman 80 WP,AP-1894,Mary Gold Agro Science,Tomato,Late & Early blight,2 gm/Litre of water
FUNGICIDE,Mancozeb,Goldman 80 WP,AP-1894,Mary Gold Agro Science,Potato,Late blight,2 gm/Litre of water
FUNGICIDE,Mancozeb,I-Then M-45 80 WP,AP-1896,Bengal Agro Chemical Industries,Tomato,Late &Early blight,2 gm/Litre of water
FUNGICIDE,Mancozeb,I-Then M-45 80 WP,AP-1896,Bengal Agro Chemical Industries,Potato,Late blight,2 gm/Litre of water
FUNGICIDE,Mancozeb,Stellazeb 80 WP,AP-1900,Raven Aqua Agriculture Limited,Tomato,Late &Early blight,2 gm/Litre of water
FUNGICIDE,Mancozeb,Stellazeb 80 WP,AP-1900,Raven Aqua Agriculture Limited,Banana,Sigatoka,2 gm/Litre of water
FUNGICIDE,Mancozeb,Sinozeb 80 WP,AP-1903,Supreme Seed Company,Tomato,Early blight,2 gm/Litre of water
FUNGICIDE,Mancozeb,Sinozeb 80 WP,AP-1903,Supreme Seed Company,Potato,Late blight,2 gm/Litre of water
FUNGICIDE,Mancozeb,Sukria 80 WP,AP-1920,ACE Farming Solutions,Potato,Late blight,2 gm/Litre of water
FUNGICIDE,Mancozeb,Magnate 80 WP,AP-1922,Rahman Pesticide & Chemicals Co.,Potato,Late blight,2 gm/Litre of water
FUNGICIDE,Mancozeb,Sinewzeb 80 WP,AP-1923,Safi Agro,Potato,Late blight,2 gm/Litre of water
FUNGICIDE,Mancozeb,Smartzeb 80 WP,AP-1925,Smart Agrovet,Potato,Late blight,2 gm/Litre of water
FUNGICIDE,Mancozeb,Naczeb 80 WP,AP-1928,National AgriCare Import & Export Ltd,Potato,Late blight,2 gm/Litre of water
FUNGICIDE,Mancozeb,Jazz 80 WP,AP-2001,Syngenta Bangladesh Limited,Tomato,Late &Early blight,2 gm/Litre of water
FUNGICIDE,Mancozeb,Jazz 80 WP,AP-2001,Syngenta Bangladesh Limited,Potato,Late blight,2 gm/Litre of water
FUNGICIDE,Mancozeb,Rekazeb 80 WP,AP-2140,T H Pesticides,Tea,"Die back, Black rot",2.00 Kg
FUNGICIDE,Mancozeb,Rekazeb 80 WP,AP-2140,T H Pesticides,Potato,Late blight,1.5 gm/Litre of water
FUNGICIDE,Mancozeb,Tazazeb 80 WP,AP-2141,R K Agro Products Limited,Tea,"Die back, Black rot",2.00 Kg
FUNGICIDE,Mancozeb,Encozeb 80 WP,AP-2142,Pioneer Agro International,Onion,Purple Bloch,2 gm/Litre of water
FUNGICIDE,Mancozeb,Encozeb 80 WP,AP-2142,Pioneer Agro International,Tomato,Late &Early blight,2 gm/Litre of water
FUNGICIDE,Mancozeb,Cleanzeb 80 WP,AP-2143,Clean Agro,Tomato,Late &Early blight,2 gm/Litre of water
FUNGICIDE,Mancozeb,Alpha Cozeb 80 WP,AP-2144,Alpha Agro Limited,Tomato,Late &Early blight,2 gm/Litre of water
FUNGICIDE,Mancozeb,Might 80 WP,AP-2145,Dreamland Agro Products,Tomato,Late &Early blight,2 gm/Litre of water
FUNGICIDE,Mancozeb,Nikizeb 80 WP,AP-2146,Anika Enterprise,Tomato,Late &Early blight,2 gm/Litre of water
FUNGICIDE,Mancozeb,Nikizeb 80 WP,AP-2146,Anika Enterprise,Potato,Late blight,2 gm/Litre of water
FUNGICIDE,Mancozeb,Isozeb 80 WP,AP-2147,Isotope International,Tomato,Late &Early blight,2 gm/Litre of water
FUNGICIDE,Mancozeb,Dewthane 80 WP,AP-2148,D M International,Tomato,Early blight,2 gm/Litre of water
FUNGICIDE,Mancozeb,Ancozen 80 WP,AP-2149,A N Corporation,Potato,Late blight,2 gm/Litre of water
FUNGICIDE,Mancozeb,Iprothane M-45,AP-2150,A M Traders,Potato,Late blight,2 gm/Litre of water
FUNGICIDE,Mancozeb,Mansis 80 WP,AP-2151,Symbiosis Technology,Potato,Late blight,2 gm/Litre of water
FUNGICIDE,Mancozeb,Shield 70 WDG,AP-2152,Haychem (Bangladesh) Limited,Potato,Late blight,2 gm/Litre of water
FUNGICIDE,Mancozeb,Security 80 WP,AP-2153,Crop Life Agro Chemicals Ltd,Potato,Late blight,2 gm/Litre of water
FUNGICIDE,Mancozeb,Afizeb 80 WP,AP-2154,Sundarban Agro Products,Potato,Late blight,2 gm/Litre of water
FUNGICIDE,Mancozeb,Mouzeb 80 WP,AP-2155,Mou International,Potato,Late blight,2 gm/Litre of water
FUNGICIDE,Mancozeb,Faulizeb 80 WP,AP-2156,Rajib Agro Chemicals Limited,Potato,Late blight,2 gm/Litre of water
FUNGICIDE,Mancozeb,Kazizeb 80 WP,AP-2157,S K Agro Chemicals,Potato,Late blight,2 gm/Litre of water
FUNGICIDE,Mancozeb,Goldizem 80 WP,AP-2158,Golden Agro Chemicals,Potato,Late blight,2 gm/Litre of water
FUNGICIDE,Mancozeb,Blezeb 80 WP,AP-2159,Blessing Agrovet Industries Limited,Potato,Late blight,2 gm/Litre of water
FUNGICIDE,Mancozeb,Orzeb 80 WP,AP-2160,Orbit Agro Industries,Potato,Late blight,2 gm/Litre of water
FUNGICIDE,Mancozeb,Secozeb 80 WP,AP-2161,Sun Seed Pesticides,Tomato,Late & Early blight,2 gm/Litre of water
FUNGICIDE,Mancozeb,Secozeb 80 WP,AP-2161,Sun Seed Pesticides,Potato,Late blight,2 gm/Litre of water
FUNGICIDE,Mancozeb,Fetter 80 WP,AP-2162,Joary Agro,Potato,Late blight,2 gm/Litre of water
FUNGICIDE,Mancozeb,Aristozeb 80 WP,AP-2163,Aristocrat Agro Services,Tomato,Early blight,2 gm/Litre of water
FUNGICIDE,Mancozeb,Phyto 80 WP,AP-2164,S S Vision Limited,Tomato,Late & Early blight,2 gm/Litre of water
FUNGICIDE,Mancozeb,Guardthoate M 45,AP-2462,S M Agro International,Tea,"Red rust, Die back, Black rot",2.00 Kg
FUNGICIDE,Mancozeb,Kishzeb 80 WP,AP-2463,Kishan Agro Chemicals,Tea,"Red rust, Die back, Black rot",2.00 Kg
FUNGICIDE,Mancozeb,Samthane 80 WP,AP-2464,Shabujbangla Agro Industries,Tea,"Red rust, Die back, Black rot",2.00 Kg
FUNGICIDE,Mancozeb,Siamzeb 80 WP,AP-2465,Siam Crop Care,Potato,Late blight,2 gm/Litre of water
FUNGICIDE,Mancozeb,Exzeb 80 WP,AP-2466,Mary Gold Agro Science,Potato,Late blight,2 gm/Litre of water
FUNGICIDE,Mancozeb,Avzeb 80 WP,AP-2467,Agrivision International,Potato,Late blight,2 gm/Litre of water
FUNGICIDE,Mancozeb,Hizeb 80 WP,AP-2468,Hazi Abdul Hakim Sawdagor,Potato,Late blight,2 gm/Litre of water
FUNGICIDE,Mancozeb,Nokozeb 80 WP,AP-2469,Nokon Limited,Potato,Late blight,2 gm/Litre of water
FUNGICIDE,Mancozeb,Putazeb 80 WP,AP-2470,Prime Agro Limited,Potato,Late blight,2 gm/Litre of water
FUNGICIDE,Mancozeb,Mancozim 80 WP,AP-2471,Agrinet Crop Care Bangladesh,Potato,Late blight,2 gm/Litre of water
FUNGICIDE,Mancozeb,Mentor 80 WP,AP-2472,Classic Agrovet Limited,Potato,Late blight,2 gm/Litre of water
FUNGICIDE,Mancozeb,Mentor 80 WP,AP-2472,Classic Agrovet Limited,Mango,Anthracnose,2 gm/Litre of water
FUNGICIDE,Mancozeb,Chotranash 80 WP,AP-2473,Sadik Agrochemicals Co.,Potato,Late blight,2 gm/Litre of water
FUNGICIDE,Mancozeb,Clorofil M 45,AP-2474,S M Agriculture Division,Potato,Late blight,2 gm/Litre of water
FUNGICIDE,Mancozeb,Gulf MZ 80 WP,AP-2475,Gulf Fertilizer & Chemicals Limited,Potato,Late blight,2 gm/Litre of water
FUNGICIDE,Mancozeb,Rafizeb 80 WP,AP-2476,Ashrafi Agro Science,Potato,Late blight,2 gm/Litre of water
FUNGICIDE,Mancozeb,Netcozeb 80 WP,AP-2477,Agrinet Crop Scence Limited,Potato,Late blight,2 gm/Litre of water
FUNGICIDE,Mancozeb,Eurozeb 80 WP,AP-2478,Euro Bangla Agricultural Ltd,Potato,Late blight,2 gm/Litre of water
FUNGICIDE,Mancozeb,Chemzeb 80 WP,AP-2479,Chemolimpex Agro Limited,Potato,Late blight,2 gm/Litre of water
FUNGICIDE,Mancozeb,Chemzeb 80 WP,AP-2479,Chemolimpex Agro Limited,Tomato,Early blight,2 gm/Litre of water
FUNGICIDE,Mancozeb,Mcozeb 80 WP,AP-2480,M H Crop Care,Potato,Late blight,2 gm/Litre of water
FUNGICIDE,Mancozeb,Rozeb 80 WP,AP-2481,Roza Agro,Potato,Late blight,2 gm/Litre of water
FUNGICIDE,Mancozeb,Aqizeb 80 WP,AP-2482,Agri Business & Advisory Service,Potato,Late blight,2 gm/Litre of water
FUNGICIDE,Mancozeb,Aqizeb 80 WP,AP-2482,Agri Business & Advisory Service,Tomato,Early blight,2 gm/Litre of water
FUNGICIDE,Mancozeb,Unizeb 80 WP,AP-2483,Unifarma (Bangladesh) Industries,Tomato,Early blight,2 gm/Litre of water
FUNGICIDE,Mancozeb,Finezeb 80 WP,AP-2484,Sun Corporation,Tomato,Early blight,2 gm/Litre of water
FUNGICIDE,Mancozeb,A-Zeb 80 WP,AP-2485,Aranya Crop Care Limited,Potato,Late blight,2 gm/Litre of water
FUNGICIDE,Mancozeb,Maczeb 80 WP,AP-2486,Mahir Agro Care,Tomato,Early blight,2 gm/Litre of water
FUNGICIDE,Mancozeb,Agrofil M 45,AP-2487,Agro Business Support Limited,Potato,Late blight,2 gm/Litre of water
FUNGICIDE,Mancozeb,Happy 80 WP,AP-2488,Aama Green Care,Potato,Late blight,2 gm/Litre of water
FUNGICIDE,Mancozeb,O-Zeb 80 WP,AP-2489,Green Bangla Agrovet Limited,Chili,Anthracnose,2 gm/Litre of water
FUNGICIDE,Mancozeb,Jovan 80 WP,AP-2490,Heritage Agro Care,Tomato,Early blight,2 gm/Litre of water
FUNGICIDE,Mancozeb,M-Zeb 80 WP,AP-2491,Mamun Agro Products Limited,Tomato,Early blight,2 gm/Litre of water
FUNGICIDE,Mancozeb,Payzeb 80 WP,AP-2492,Prestige Agro Dragon,Cucurbit,Powdery mildew,2 gm/Litre of water
FUNGICIDE,Mancozeb,Tencozeb 80 WP,AP-2493,West Agro Chemicals Industries,Mango,Anthracnose,2 gm/Litre of water
FUNGICIDE,Mancozeb,Rainazeb 80 WP,AP-2494,Raina Associates,Potato,Late blight,2 gm/Litre of water
FUNGICIDE,Mancozeb,Fungizeb 80 WP,AP-2789,Sabir Fertilizer & Chemical Complex Ltd,Tomato,Early blight,2 gm/Litre of water
FUNGICIDE,Mancozeb,B-Zeb 80 WP,AP-2790,Bangladesh Agro Science,Tea,"Red rust, Die back, Black rot",2.00 Kg
FUNGICIDE,Mancozeb,Genezeb 80 WP,AP-2903,Genetic,Potato,Late blight,2 gm/Liter of water
FUNGICIDE,Mancozeb,Parazeb 80 WP,AP-3095,Padma Agro Sprayers Co.,Tea,"Red rust, Die back, Black rot",2.00 Kg
FUNGICIDE,Mancozeb,Saila 80 WP,AP-3096,Swazis International,Potato,Late blight,2 gm/Litre of water
FUNGICIDE,Mancozeb,F-Zeb 80 WP,AP-3097,FCI Agro Limited,Potato,Late blight,2 gm/Litre of water
FUNGICIDE,Mancozeb,Vizeb 80 WP,AP-3098,Green View Bangladesh,Potato,Late blight,2 gm/Litre of water
FUNGICIDE,Mancozeb,Vizeb 80 WP,AP-3098,Green View Bangladesh,Tomato,Early blight,2 gm/Litre of water
FUNGICIDE,Mancozeb,Direl M 45,AP-3099,General Agro Chemicals Limited,Potato,Late blight,2 gm/Litre of water
FUNGICIDE,Mancozeb,Mamcoz 80 WP,AP-3100,Aartessa Trading,Potato,Late blight,2 gm/Litre of water
FUNGICIDE,Mancozeb,Maricozeb 80 WP,AP-3101,Mary Gold Agro Science,Potato,Late blight,2 gm/Litre of water
FUNGICIDE,Mancozeb,Everthane 80 WP,AP-3102,Evergreen Crop Care Limited,Potato,Late blight,2 gm/Litre of water
FUNGICIDE,Mancozeb,Forezeb 80 WP,AP-3103,Grow More Agro Science,Potato,Late blight,2 gm/Litre of water
FUNGICIDE,Mancozeb,Byvin 80 WP,AP-3104,Krishan Agro Chemicals,Potato,Late blight,2 gm/Litre of water
FUNGICIDE,Mancozeb,Seedman 80 WP,AP-3105,Seed Link Enterprise,Potato,Late blight,2 gm/Litre of water
FUNGICIDE,Mancozeb,Deshzeb 80 WP,AP-3106,Desh Agro Service,Potato,Late blight,2 gm/Litre of water
FUNGICIDE,Mancozeb,Sur 80 WP,AP-3107,Surjo Products,Potato,Late blight,2 gm/Litre of water
FUNGICIDE,Mancozeb,MZ-45,AP-3108,Mamun Agro Products Limited,Jute,Stem rot,2 gm/Litre of water
FUNGICIDE,Mancozeb,Astothane M-45,AP-3109,Astron Agri Care Bangladesh,Tea,"Red rust, Die back, Black rot",2.00 Kg
FUNGICIDE,Mancozeb,Mahzeb 80 WP,AP-3110,Mahbub Enterprise,Tomato,Early blight,2 gm/Litre of water
FUNGICIDE,Mancozeb,New Fill 80 WP,AP-3234,Agri Source,Cucumber,Powdery mildew,2 gm/Litre of water
FUNGICIDE,Mancozeb (63%) + Carbendazim (12%),Companion,AP-664,Auto Crop Care Limited,Mango,Anthracnose,2 gm/litre of water
FUNGICIDE,Mancozeb (63%) + Carbendazim (12%),Companion,AP-664,Auto Crop Care Limited,Potato,Late blight,2 gm/litre of water
FUNGICIDE,Mancozeb (63%) + Carbendazim (12%),Companion,AP-664,Auto Crop Care Limited,Tomato,Early blight,2 gm/litre of water
FUNGICIDE,Mancozeb (63%) + Carbendazim (12%),Companion,AP-664,Auto Crop Care Limited,Cucurbit,Powdery mildew,2 gm/litre of water
FUNGICIDE,Mancozeb (63%) + Carbendazim (12%),Companion,AP-664,Auto Crop Care Limited,Chili,Anthracnose,1 gm/litre of water
FUNGICIDE,Mancozeb (63%) + Carbendazim (12%),Companion,AP-664,Auto Crop Care Limited,Ground nut,Tikka disease,1 gm/litre of water
FUNGICIDE,Mancozeb (63%) + Carbendazim (12%),Unisaaf 75 WP,AP-1021,United Phosphorus (Bangladesh) Ltd,Rice,Sheath blight,1.00 Kg
FUNGICIDE,Mancozeb (63%) + Carbendazim (12%),Relux 75 WP,AP-1696,Crop Protection & Care Center,Potato,Late blight,2 gm/Litre of water
FUNGICIDE,Mancozeb (63%) + Carbendazim (12%),Claster 75 WP,AP-1725,MAP Agro Industries Limited,Groundnut,Leaf spot rust,2 gm/Litre of water
FUNGICIDE,Mancozeb (63%) + Carbendazim (12%),Carcozeb 75 WP,AP-1929,Sea Trade Fertilizer Limited,Tomato,Early blight,2 gm/Litre of water
FUNGICIDE,Mancozeb (63%) + Carbendazim (12%),Carcozeb 75 WP,AP-1929,Sea Trade Fertilizer Limited,Potato,Late blight,2 gm/Litre of water
FUNGICIDE,Mancozeb (63%) + Carbendazim (12%),Carbazeb 75 WP,AP-1931,Raven Aqua Agriculture Limited,Mango,Anthracnose,2 gm/Litre of water
FUNGICIDE,Mancozeb (63%) + Carbendazim (12%),Carbazeb 75 WP,AP-1931,Raven Aqua Agriculture Limited,Potato,Late blight,2 gm/Litre of water
FUNGICIDE,Mancozeb (63%) + Carbendazim (12%),Goldhope 75 WP,AP-2165,Mimpex Agrochemicals Limited,Mango,Anthracnose,2 gm/Litre of water
FUNGICIDE,Mancozeb (63%) + Carbendazim (12%),Goldhope 75 WP,AP-2165,Mimpex Agrochemicals Limited,Potato,Late blight,2 gm/Litre of water
FUNGICIDE,Mancozeb (63%) + Carbendazim (12%),Mancarb 72 WP,AP-2166,East West Crop Science Limited,Potato,Late blight & Late blight,2 gm/Litre of water
FUNGICIDE,Mancozeb (63%) + Carbendazim (12%),Mancarb 72 WP,AP-2166,East West Crop Science Limited,Tomato,Early blight,2 gm/Litre of water
FUNGICIDE,Mancozeb (63%) + Carbendazim (12%),Mancarb 72 WP,AP-2166,East West Crop Science Limited,Onion,Purple blotch,2 gm/Litre of water
FUNGICIDE,Mancozeb (63%) + Carbendazim (12%),Camamix 750 WP,AP-2167,ACI Limited,Potato,Late blight,2 gm/Litre of water
FUNGICIDE,Mancozeb (63%) + Carbendazim (12%),Tyzeb Gold 75 WP,AP-2168,Sweet Agrovet Limited,Potato,Late blight,2 gm/Litre of water
FUNGICIDE,Mancozeb (63%) + Carbendazim (12%),Bunker 75 WP,AP-2522,Marshal Agrovet Chemical Industries Ltd,Potato,Late blight,2 gm/Litre of water
FUNGICIDE,Mancozeb (63%) + Carbendazim (12%),Combine 75 WP,AP-2523,Cobra Land Care,Potato,Late blight,2 gm/Litre of water
FUNGICIDE,Mancozeb (63%) + Carbendazim (12%),Mancodazim Plus 75 WP,AP-2524,Unique Agro Technology Limited,Potato,Late blight,2 gm/Litre of water
FUNGICIDE,Mancozeb (63%) + Carbendazim (12%),E-Carman 75 WP,AP-2525,Energy Agro Chemicals,Potato,Late blight,2 gm/Litre of water
FUNGICIDE,Mancozeb (63%) + Carbendazim (12%),Mancor 75 WP,AP-2526,Corbel Chemical International Ltd.,Potato,Late blight,2 gm/Litre of water
FUNGICIDE,Mancozeb (63%) + Carbendazim (12%),Hunchart 75 WP,AP-2527,Symbiosis Technology,Chili,Anthracnose,2 gm/Litre of water
FUNGICIDE,Mancozeb (63%) + Carbendazim (12%),Shade 75 WP,AP-2528,Agro Link (BD),Tomato,Early blight,2 gm/Litre of water
FUNGICIDE,Mancozeb (63%) + Carbendazim (12%),CM 75 WP,AP-2529,McDonald Crop Care Limited,Tomato,Early blight,2 gm/Litre of water
FUNGICIDE,Mancozeb (63%) + Carbendazim (12%),Cosaf 75 WP,AP-2530,Assign Crop Care Limited,Tomato,Early blight,2 gm/Litre of water
FUNGICIDE,Mancozeb (63%) + Carbendazim (12%),Pafman 750 WP,AP-2531,PAFS Agro International Co.,Potato,Late blight,2 gm/Litre of water
FUNGICIDE,Mancozeb (63%) + Carbendazim (12%),Hamelion 75 WP,AP-3135,Mother Crop Care,Tomato,Early blight,2 gm/Litre of water
FUNGICIDE,Mancozeb (63%) + Carbendazim (12%),Hamelion 75 WP,AP-3135,Mother Crop Care,Mango,Anthracnose,2 gm/Litre of water
FUNGICIDE,Mancozeb (63%) + Carbendazim (12%),Bimole 75 WP,AP-3136,Mamun Agro Products Limited,Tomato,Early blight,2 gm/Litre of water
FUNGICIDE,Mancozeb (63%) + Carbendazim (12%),Adcarzeb 75 WP,AP-3137,Advance Agricultural Solution Ltd,Mango,Anthracnose,2 gm/Litre of water
FUNGICIDE,Mancozeb (63%) + Carbendazim (12%),Rekazin 75 WP,AP-3254,T H Pesticides,Potato,Late blight,2 gm/Litre of water
FUNGICIDE,Mancozeb (63%) + Carbendazim (12%),Husky 75 WP,AP-3260,Anika Agro Chemicals,Tea,"Die back, Black rot",2 gm/Litre of water
FUNGICIDE,Mancozeb  (12%) + Copper (30%),Cuprofix 30 Dispers,AP-1887,Chens Crop-Science Bangladesh Ltd,Potato,Late blight,2 gm/Litre of water
FUNGICIDE,Mancozeb (64%) + Cymoxanil (8%),Sunoxanil 72 WP,AP-796,McDonald Bangladesh (Pvt) Limited,Potato,Late blight,2 gm/Litre of water
FUNGICIDE,Mancozeb (64%) + Cymoxanil (8%),Sunoxanil 72 WP,AP-796,McDonald Bangladesh (Pvt) Limited,Mango,"Anthracnose, Powdery mildew",2 gm/Litre of water
FUNGICIDE,Mancozeb (64%) + Cymoxanil (8%),Sunoxanil 72 WP,AP-796,McDonald Bangladesh (Pvt) Limited,Onion,Purple blotch,2 gm/Litre of water
FUNGICIDE,Mancozeb (64%) + Cymoxanil (8%),Sunoxanil 72 WP,AP-796,McDonald Bangladesh (Pvt) Limited,Tomato,Late blight & Early blight,2 gm/Litre of water
FUNGICIDE,Mancozeb (64%) + Cymoxanil (8%),Curzate M8,AP-1372,Petrochem Agro Industries Ltd.,Potato,Late blight,2 gm/Liter of water
FUNGICIDE,Mancozeb (64%) + Cymoxanil (8%),Curzate M9,AP-1372,Petrochem Agro Industries Ltd.,Tomato,Early blight,2 gm/Liter of water
FUNGICIDE,Mancozeb (64%) + Cymoxanil (8%),Cymongold 72 WP,AP-1688,Alpha Agro Limited,Tomato,Late blight,1.5 gm/Litre of water
FUNGICIDE,Mancozeb (64%) + Cymoxanil (8%),Euromil 72 WP,AP-1867,New Life Agro Chemicals,Potato,Late blight,2 gm/Litre of water
FUNGICIDE,Mancozeb (64%) + Cymoxanil (8%),Bicojan 72 WP,AP-1882,Bismillah Corporation Limited,Tomato,Late blight,2 gm/Litre of water
FUNGICIDE,Mancozeb (64%) + Cymoxanil (8%),Bicojan 72 WP,AP-1882,Bismillah Corporation Limited,Potato,Late blight,2 gm/Litre of water
FUNGICIDE,Mancozeb (64%) + Cymoxanil (8%),Xtramil 720 WP,AP-1885,ACI Formulations Limited,Potato,Late blight,2 gm/Litre of water
FUNGICIDE,Mancozeb (64%) + Cymoxanil (8%),Sprinter 72 WP,AP-1899,Mahin Enterprise Limited,Potato,Late blight,2 gm/Litre of water
FUNGICIDE,Mancozeb (64%) + Cymoxanil (8%),Larconil 72 WP,AP-2169,Larsen Chemicals Industries (Pvt) Ltd,Potato,Late blight,2 gm/Litre of water
FUNGICIDE,Mancozeb (64%) + Cymoxanil (8%),Sanil 72 WP,AP-2518,Sreejoni Agro Chemicals,Potato,Late blight,2 gm/Litre of water
FUNGICIDE,Mancozeb (64%) + Cymoxanil (8%),Bentacyl 72 WP,AP-2519,Bengal Agro Chemicals Industries,Potato,Late blight,2 gm/Litre of water
FUNGICIDE,Mancozeb (64%) + Cymoxanil (8%),Contracyl 72 WP,AP-2520,Great Agro Care,Tomato,Late blight,2 gm/Litre of water
FUNGICIDE,Mancozeb (64%) + Cymoxanil (8%),More 72 WP,AP-2521,McDonald Crop Care Limited,Mango,Anthracnose,2 gm/Litre of water
FUNGICIDE,Mancozeb (64%) + Cymoxanil (8%),Ricomil 72 WP,AP-3138,Rico Agrovet,Tea,"Die back, Black rot",2.00 Kg
FUNGICIDE,Mancozeb (64%) + Cymoxanil (8%),Ricomil 72 WP,AP-3138,Rico Agrovet,Potato,Late blight,2 gm/litre of water
FUNGICIDE,Mancozeb (64%) + Cymoxanil (8%),Desconil 72 WP,AP-3139,Desh Agro Service,Potato,Late blight,2 gm/Litre of water
FUNGICIDE,Mancozeb (64%) + Cymoxanil (8%),Apuri 72 WP,AP-3245,Symbiosis Technology,Tomato,Cumcumber,2 gm/Litre of water
FUNGICIDE,Mancozeb (45%) + Fosetyl AI (25%),Mosafir 70 WP,AP-2533,Mahin Enterprise Limited,Potato,Late bight,2 gm/Litre of water
FUNGICIDE,Mancozeb (64%) + Metalaxyl (8%),Sundomil 72 WP,AP-394,Shetu Corporation Limited,Potato,Late blight,2 gm/Litre of water
FUNGICIDE,Mancozeb (64%) + Metalaxyl (8%),Zhe Metalex 72 WP,AP-412,Sea Trade Fertilizer Limited,Tomato,Late blight,2.00 Kg
FUNGICIDE,Mancozeb (64%) + Metalaxyl (8%),Zhe Metalex 72 WP,AP-412,Sea Trade Fertilizer Limited,Potato,Late blight,2 gm/Litre of water
FUNGICIDE,Mancozeb (64%) + Metalaxyl (8%),Zhe Metalex 72 WP,AP-412,Sea Trade Fertilizer Limited,Mango,Anthracnose,2 gm/Litre of water
FUNGICIDE,Mancozeb (64%) + Metalaxyl (8%),Vitamyl 72 MZ,AP-445,Shetu Pesticides Limited,Potato,Late blight,2 gm/Litre of water
FUNGICIDE,Mancozeb (64%) + Metalaxyl (8%),Coromil MZ 72 WP,AP-446,Corbel International Limited,Potato,Late blight,2 gm/Litre of water
FUNGICIDE,Mancozeb (64%) + Metalaxyl (8%),Metaril 72 WP,AP-447,Auto Crop Care Limited,Potato,Late blight,2 gm/Litre of water
FUNGICIDE,Mancozeb (64%) + Metalaxyl (8%),Mancolaxyl 72 WP,AP-466,Agro Continent Bangladesh,Potato,Late blight,2 gm/Litre of water
FUNGICIDE,Mancozeb (64%) + Metalaxyl (8%),Mancolaxyl 72 WP,AP-466,Agro Continent Bangladesh,Chili,Anthracnose,2 gm/Litre of water
FUNGICIDE,Mancozeb (64%) + Metalaxyl (8%),Metalco 72 WP,AP-503,A-Intraco (Bangladesh) Limited,Potato,Late blight,2 gm/Litre of water
FUNGICIDE,Mancozeb (64%) + Metalaxyl (8%),Ridomil Gold MZ 68 WG,AP-525,Syngenta Bangladesh Limited,Potato,Late blight,2 gm/Litre of water
FUNGICIDE,Mancozeb (64%) + Metalaxyl (8%),Mancozim 72 WP,AP-666,Haychem (Bangladesh) Limited,Potato,Late blight,2 gm/Litre of water
FUNGICIDE,Mancozeb (64%) + Metalaxyl (8%),Mancozim 72 WP,AP-666,Haychem (Bangladesh) Limited,Tea,Red rust,2 gm/Litre of water
FUNGICIDE,Mancozeb (64%) + Metalaxyl (8%),Matco 72 WP,AP-714,Alpha Agro Limited,Potato,Late blight,2 gm/Litre of water
FUNGICIDE,Mancozeb (64%) + Metalaxyl (8%),Agromil MZ 72 WP,AP-719,Agro Chem Agribusiness,Potato,Late blight,2 gm/Litre of water
FUNGICIDE,Mancozeb (64%) + Metalaxyl (8%),Emilaxyl 72 WP,AP-784,Eminence Chemical Industries Ltd,Potato,Late blight,2 gm/Litre of water
FUNGICIDE,Mancozeb (64%) + Metalaxyl (8%),Sinomil 72 WP,AP-857,Sinochem Bangladesh (Pvt) Limited,Potato,Late blight,2 gm/Litre of water
FUNGICIDE,Mancozeb (64%) + Metalaxyl (8%),Mancolax 72 WP,AP-977,SAMP Limited,Potato,Late blight,2 gm/Litre of water
FUNGICIDE,Mancozeb (64%) + Metalaxyl (8%),Metamul 72 WP,AP-1049,Bony Enterprise,Potato,Late blight,2 gm/Litre of water
FUNGICIDE,Mancozeb (64%) + Metalaxyl (8%),Milzeb 72 WP,AP-1077,Intefa,Potato,Late blight,2 gm/Litre of water
FUNGICIDE,Mancozeb (64%) + Metalaxyl (8%),Milzeb 72 WP,AP-1077,Intefa,Tomato,Late blight,2 gm/Litre of water
FUNGICIDE,Mancozeb (64%) + Metalaxyl (8%),Topmil 72 WP,AP-1243,Top Agro Enterprise,Potato,Late blight,2 gm/Litre of water
FUNGICIDE,Mancozeb (64%) + Metalaxyl (8%),Safemil 72 WP,AP-1376,Sweet Agrovet Limited,Potato,Late blight,2 gm/Litre of water
FUNGICIDE,Mancozeb (64%) + Metalaxyl (8%),Safemil 72 WP,AP-1376,Sweet Agrovet Limited,Tomato,Early & Late blight,2 gm/Litre of water
FUNGICIDE,Mancozeb (64%) + Metalaxyl (8%),Safemil 72 WP,AP-1376,Sweet Agrovet Limited,Onion,Purple blotch,2 gm/Litre of water
FUNGICIDE,Mancozeb (64%) + Metalaxyl (8%),Polymil 72 WP,AP-1387,Polymer Agro Industries Ltd.,Potato,Late blight,2 gm/Litre of water
FUNGICIDE,Mancozeb (64%) + Metalaxyl (8%),Unilaxyl 72 WP,AP-1388,United Phosphorus (Bangladesh) Ltd,Potato,Late blight,2 gm/Litre of water
FUNGICIDE,Mancozeb (64%) + Metalaxyl (8%),Acilaxyl 72 WP,AP-1598,ACI Formulations Limited,Potato,Late blight,2 gm/Litre of water
FUNGICIDE,Mancozeb (64%) + Metalaxyl (8%),Sultan 72 WP,AP-1616,Surovi Agro Industries Limited,Potato,Late blight,2 gm/Litre of water
FUNGICIDE,Mancozeb (64%) + Metalaxyl (8%),Sultan 72 WP,AP-1616,Surovi Agro Industries Limited,Chili,Anthracnose,2 gm/Litre of water
FUNGICIDE,Mancozeb (64%) + Metalaxyl (8%),Sultan 72 WP,AP-1616,Surovi Agro Industries Limited,Tomato,Late blight,2 gm/Litre of water
FUNGICIDE,Mancozeb (64%) + Metalaxyl (8%),Parilaxyl 72 WP,AP-1632,Petrochem (Bangladesh) Limited,Potato,Late blight,2 gm/Litre of water
FUNGICIDE,Mancozeb (64%) + Metalaxyl (8%),Bico Gold 72 WP,AP-1682,Bismillah Corporation Limited,Potato,Late blight,2 gm/Litre of water
FUNGICIDE,Mancozeb (64%) + Metalaxyl (8%),S-Tox 72 WP,AP-1684,Assign Crop Care Limited,Potato,Late blight,2 gm/Litre of water
FUNGICIDE,Mancozeb (64%) + Metalaxyl (8%),Armil 72 WP,AP-1686,A M Traders,Potato,Late blight,2 gm/Litre of water
FUNGICIDE,Mancozeb (64%) + Metalaxyl (8%),Kingstar 72 WP,AP-1692,Asia Trade International,Potato,Late blight,2 gm/Litre of water
FUNGICIDE,Mancozeb (64%) + Metalaxyl (8%),Comil 72 WP,AP-1695,Cosmic Agro Care,Potato,Late blight,2 gm/Litre of water
FUNGICIDE,Mancozeb (64%) + Metalaxyl (8%),Remil 72 WP,AP-1699,Retina Agro Chemicals,Potato,Late blight,2 gm/Litre of water
FUNGICIDE,Mancozeb (64%) + Metalaxyl (8%),Alconil 72 WP,AP-1891,Alpha Agro Limited,Potato,Late blight,2 gm/Litre of water
FUNGICIDE,Mancozeb (64%) + Metalaxyl (8%),Alconil 72 WP,AP-1891,Alpha Agro Limited,Tomato,Late & Early blight,2 gm/Litre of water
FUNGICIDE,Mancozeb (64%) + Metalaxyl (8%),Goldmil 72 WP,AP-1893,Golden Agro Chemicals,Potato,Late blight,2 gm/Litre of water
FUNGICIDE,Mancozeb (64%) + Metalaxyl (8%),Novanil 72 WP,AP-1897,Eon Agro Industries Limited,Potato,Late blight,2 gm/Litre of water
FUNGICIDE,Mancozeb (64%) + Metalaxyl (8%),Novanil 72 WP,AP-1897,Eon Agro Industries Limited,Tomato,Late & Early blight,2 gm/Litre of water
FUNGICIDE,Mancozeb (64%) + Metalaxyl (8%),Maxil 72 WP,AP-1898,Mabco Bangladesh,Potato,Late blight,2 gm/Litre of water
FUNGICIDE,Mancozeb (64%) + Metalaxyl (8%),Spilaxyl 72 WP,AP-1901,Square Pharmaceuticals Limited,Potato,Late blight,2 gm/Litre of water
FUNGICIDE,Mancozeb (64%) + Metalaxyl (8%),Spilaxyl 72 WP,AP-1901,Square Pharmaceuticals Limited,Tomato,Late & Early blight,2 gm/Litre of water
FUNGICIDE,Mancozeb (64%) + Metalaxyl (8%),Primecare 72 WP,AP-1902,Prestige Agro Dragon,Potato,Late blight,2 gm/Litre of water
FUNGICIDE,Mancozeb (64%) + Metalaxyl (8%),Kismil 72 WP,AP-1904,Krishan Agro Chemicals,Potato,Late blight,2 gm/Litre of water
FUNGICIDE,Mancozeb (64%) + Metalaxyl (8%),Indomil 72 WP,AP-1926,Bongshe Moharaj & Agro Tech,Potato,Late blight,2 gm/Litre of water
FUNGICIDE,Mancozeb (64%) + Metalaxyl (8%),R-Mil 72 WP,AP-2170,Rahman Pesticides & Chemicals Co.,Potato,Late blight,2 gm/Litre of water
FUNGICIDE,Mancozeb (64%) + Metalaxyl (8%),R-Mil 72 WP,AP-2170,Rahman Pesticides & Chemicals Co.,Tomato,Late blight,2 gm/Litre of water
FUNGICIDE,Mancozeb (64%) + Metalaxyl (8%),Agrimil 72 WP,AP-2171,Agrinet Crop Care Bangladesh,Potato,Late blight,2 gm/Litre of water
FUNGICIDE,Mancozeb (64%) + Metalaxyl (8%),Agrocur 72 WP,AP-2172,Aama Green Care,Potato,Late blight,2 gm/Litre of water
FUNGICIDE,Mancozeb (64%) + Metalaxyl (8%),Agrocur 72 WP,AP-2172,Aama Green Care,Tomato,Early blight,2 gm/Litre of water
FUNGICIDE,Mancozeb (64%) + Metalaxyl (8%),Kozeb 72 WP,AP-2173,Padma Agro Sprayers Co.,Potato,Late blight,2 gm/Litre of water
FUNGICIDE,Mancozeb (64%) + Metalaxyl (8%),Daimil 72 WP,AP-2174,Mary Gold Agro Science,Potato,Late blight,2 gm/Litre of water
FUNGICIDE,Mancozeb (64%) + Metalaxyl (8%),X-Mil 72 WP,AP-2175,Crop Life Agro Chemicals Ltd,Potato,Late blight,2 gm/Litre of water
FUNGICIDE,Mancozeb (64%) + Metalaxyl (8%),Z-Mil 72 WP,AP-2176,Modern Agro Care,Potato,Late blight,2 gm/Litre of water
FUNGICIDE,Mancozeb (64%) + Metalaxyl (8%),Pocomet 72 WP,AP-2177,Raven Aqua Agriculture Limited,Potato,Late blight,2 gm/Litre of water
FUNGICIDE,Mancozeb (64%) + Metalaxyl (8%),Milcare 72 WP,AP-2178,Care Agrotech,Potato,Late blight,2 gm/Litre of water
FUNGICIDE,Mancozeb (64%) + Metalaxyl (8%),Mancozil 72 WP,AP-2179,Joary Agro,Potato,Late blight,2 gm/Litre of water
FUNGICIDE,Propiconazole,Tilt 250 EC,AP-177,Syngenta Bangladesh Limited,Rice,Sheath blight,500 ml
FUNGICIDE,Propiconazole,Tilt 250 EC,AP-177,Syngenta Bangladesh Limited,Wheat,Leaf blight,500 ml
FUNGICIDE,Propiconazole,Tilt 250 EC,AP-177,Syngenta Bangladesh Limited,Tea,"Red rust, Die-back, Black rot",500 ml
FUNGICIDE,Propiconazole,Tilt 250 EC,AP-177,Syngenta Bangladesh Limited,Banana,Sigatoka,500 ml
FUNGICIDE,Propiconazole,Tilt 250 EC,AP-177,Syngenta Bangladesh Limited,Rice,Sheath rot,500 ml
FUNGICIDE,Propiconazole,Propi 25 EC,AP-624,Omnichem Limited,Rice,Sheath blight,500 ml
FUNGICIDE,Propiconazole,Propi 25 EC,AP-624,Omnichem Limited,Wheat,Leaf blight,500 ml
FUNGICIDE,Propiconazole,Propi 25 EC,AP-624,Omnichem Limited,Tea,"Red rust, Die-back, Black rot",500 ml
FUNGICIDE,Propiconazole,Propi 25 EC,AP-624,Omnichem Limited,Banana,Sigatoka,500 ml
FUNGICIDE,Propiconazole,Propi 25 EC,AP-624,Omnichem Limited,Sugarcane,Sett rot,1 ml/Litre of water
FUNGICIDE,Propiconazole,Progast 25 EC,AP-710,Haychem (Bangladesh) Limited,Banana,Sigatoka,500 ml
FUNGICIDE,Propiconazole,Progast 25 EC,AP-710,Haychem (Bangladesh) Limited,Wheat,Leaf blight,500 ml
FUNGICIDE,Propiconazole,Progast 25 EC,AP-710,Haychem (Bangladesh) Limited,Rice,Sheath blight,500 ml
FUNGICIDE,Propiconazole,Progast 25 EC,AP-710,Haychem (Bangladesh) Limited,Tea,"Red rust, Die-back, Black rot",500 ml
FUNGICIDE,Propiconazole,Evatilt 25 EC,AP-783,E H & Agrovet Limited,Banana,Sigatoka,500 ml
FUNGICIDE,Propiconazole,Evatilt 25 EC,AP-783,E H & Agrovet Limited,Wheat,Leaf blight,500 ml
FUNGICIDE,Propiconazole,Evatilt 25 EC,AP-783,E H & Agrovet Limited,Rice,Sheath blight,500 ml
FUNGICIDE,Propiconazole,Care 250 EC,AP-808,National AgriCare Import & Export Ltd,Banana,Sigatoka,500 ml
FUNGICIDE,Propiconazole,Care 250 EC,AP-808,National AgriCare Import & Export Ltd,Wheat,Leaf blight,500 ml
FUNGICIDE,Propiconazole,Care 250 EC,AP-808,National AgriCare Import & Export Ltd,Rice,Sheath blight,500 ml
FUNGICIDE,Propiconazole,Care 250 EC,AP-808,National AgriCare Import & Export Ltd,Tea,"Red rust, Die-back, Black rot",500 ml
FUNGICIDE,Propiconazole,Bumper 25 EC,AP-894,Auto Crop Care Limited,Rice,Sheath blight,500 ml
FUNGICIDE,Propiconazole,Bumper 25 EC,AP-894,Auto Crop Care Limited,Banana,Sigatoka,500 ml
FUNGICIDE,Propiconazole,Bumper 25 EC,AP-894,Auto Crop Care Limited,Wheat,Leaf blight,500 ml
FUNGICIDE,Propiconazole,Bumper 25 EC,AP-894,Auto Crop Care Limited,Tea,"Red rust, Die-back, Black rot",500 ml
FUNGICIDE,Propiconazole,Result 250 EC,AP-976,MAP Agro Industries Limited,Banana,Sigatoka,500 ml
FUNGICIDE,Propiconazole,Result 250 EC,AP-976,MAP Agro Industries Limited,Wheat,Leaf blight,500 ml
FUNGICIDE,Propiconazole,Result 250 EC,AP-976,MAP Agro Industries Limited,Rice,Sheath blight,500 ml
FUNGICIDE,Propiconazole,G-Tilt 25 EC,AP-982,Global Agrovet Limited,Banana,Sigatoka,500 ml
FUNGICIDE,Propiconazole,G-Tilt 25 EC,AP-982,Global Agrovet Limited,Wheat,Leaf blight,500 ml
FUNGICIDE,Propiconazole,G-Tilt 25 EC,AP-982,Global Agrovet Limited,Rice,Sheath blight,500 ml
FUNGICIDE,Propiconazole,G-Tilt 25 EC,AP-982,Global Agrovet Limited,Tea,"Red rust, Die-back, Black rot",500 ml
FUNGICIDE,Propiconazole,Super Tilt 250 EC,AP-1046,Chemolimpex Agro Limited,Banana,Sigatoka,500 ml
FUNGICIDE,Propiconazole,Super Tilt 250 EC,AP-1046,Chemolimpex Agro Limited,Wheat,Leaf blight,500 ml
FUNGICIDE,Propiconazole,Super Tilt 250 EC,AP-1046,Chemolimpex Agro Limited,Rice,Sheath blight,500 ml
FUNGICIDE,Propiconazole,Propiate 25 EC,AP-1050,Agrimax Bangladesh Limited,Banana,Sigatoka,500 ml
FUNGICIDE,Propiconazole,Propiate 25 EC,AP-1050,Agrimax Bangladesh Limited,Wheat,Leaf blight,500 ml
FUNGICIDE,Propiconazole,Propiate 25 EC,AP-1050,Agrimax Bangladesh Limited,Rice,Sheath blight,500 ml
FUNGICIDE,Propiconazole,Propiate 25 EC,AP-1050,Agrimax Bangladesh Limited,Tea,"Red rust, Die-back, Black rot",500 ml
FUNGICIDE,Propiconazole,Silt 25 EC,AP-1051,Atherton Imbros Company Limited,Wheat,Leaf blight,500 ml
FUNGICIDE,Propiconazole,Silt 25 EC,AP-1051,Atherton Imbros Company Limited,Rice,Sheath blight,500 ml
FUNGICIDE,Propiconazole,Silt 25 EC,AP-1051,Atherton Imbros Company Limited,Banana,Sigatoka,500 ml
FUNGICIDE,Propiconazole,Bicotilt 25 EC,AP-1087,Bismillah Corporation Limited,Banana,Sigatoka,500 ml
FUNGICIDE,Propiconazole,Bicotilt 25 EC,AP-1087,Bismillah Corporation Limited,Rice,Sheath blight,500 ml
FUNGICIDE,Propiconazole,Bicotilt 25 EC,AP-1087,Bismillah Corporation Limited,Wheat,Leaf blight,500 ml
FUNGICIDE,Propiconazole,Pilter 250 EC,AP-1090,Petrochem (Bangladesh) Limited,Banana,Sigatoka,500 ml
FUNGICIDE,Propiconazole,Pilter 250 EC,AP-1090,Petrochem (Bangladesh) Limited,Rice,Sheath blight,500 ml
FUNGICIDE,Propiconazole,Pilter 250 EC,AP-1090,Petrochem (Bangladesh) Limited,Wheat,Leaf blight,500 ml
FUNGICIDE,Propiconazole,M-Tilt 25 EC,AP-1135,Meghna Fertilizer & Agro Chemicals Indus,Banana,Sigatoka,500 ml
FUNGICIDE,Propiconazole,M-Tilt 25 EC,AP-1135,Meghna Fertilizer & Agro Chemicals Indus,Rice,Sheath blight,500 ml
FUNGICIDE,Propiconazole,M-Tilt 25 EC,AP-1135,Meghna Fertilizer & Agro Chemicals Indus,Wheat,Leaf blight,500 ml
FUNGICIDE,Propiconazole,Miltilt 250 EC,AP-1136,Mimpex Agrochemicals Limited,Banana,Sigatoka,500 ml
FUNGICIDE,Propiconazole,Miltilt 250 EC,AP-1136,Mimpex Agrochemicals Limited,Rice,Sheath blight,500 ml
FUNGICIDE,Propiconazole,Miltilt 250 EC,AP-1136,Mimpex Agrochemicals Limited,Wheat,Leaf blight,500 ml
FUNGICIDE,Propiconazole,K-Tilt 250 EC,AP-1226,Crop Protection & Care Centre,Banana,Sigatoka,500 ml
FUNGICIDE,Propiconazole,K-Tilt 250 EC,AP-1226,Crop Protection & Care Centre,Rice,Sheath blight,500 ml
FUNGICIDE,Propiconazole,K-Tilt 250 EC,AP-1226,Crop Protection & Care Centre,Wheat,Leaf blight,500 ml
FUNGICIDE,Propiconazole,Zilt 25 EC,AP-1227,Prime Agro Limited,Banana,Sigatoka,500 ml
FUNGICIDE,Propiconazole,Zilt 25 EC,AP-1227,Prime Agro Limited,Rice,Sheath blight,500 ml
FUNGICIDE,Propiconazole,Zilt 25 EC,AP-1227,Prime Agro Limited,Wheat,Leaf blight,500 ml
FUNGICIDE,Propiconazole,Topcon 25 EC,AP-1234,Top Agro Enterprise,Banana,Sigatoka,500 ml
FUNGICIDE,Propiconazole,Topcon 25 EC,AP-1234,Top Agro Enterprise,Rice,Sheath blight,500 ml
FUNGICIDE,Propiconazole,Topcon 25 EC,AP-1234,Top Agro Enterprise,Wheat,Leaf blight,500 ml
FUNGICIDE,Propiconazole,Protilt 250 EC,AP-1245,Assign Crop Care Limited,Banana,Sigatoka,500 ml
FUNGICIDE,Propiconazole,Protilt 250 EC,AP-1245,Assign Crop Care Limited,Rice,Sheath blight,500 ml
FUNGICIDE,Propiconazole,Protilt 250 EC,AP-1245,Assign Crop Care Limited,Wheat,Leaf blight,500 ml
FUNGICIDE,Propiconazole,Pratilt 250 EC,AP-1246,Pratasha International,Banana,Sigatoka,500 ml
FUNGICIDE,Propiconazole,Pratilt 250 EC,AP-1246,Pratasha International,Rice,Sheath blight,500 ml
FUNGICIDE,Propiconazole,Pratilt 250 EC,AP-1246,Pratasha International,Wheat,Leaf blight,500 ml
FUNGICIDE,Propiconazole,Safatilt 250 EC,AP-1247,Sweet Agrovet Limited,Banana,Sigatoka,500 ml
FUNGICIDE,Propiconazole,Safatilt 250 EC,AP-1247,Sweet Agrovet Limited,Rice,Sheath blight,500 ml
FUNGICIDE,Propiconazole,Safatilt 250 EC,AP-1247,Sweet Agrovet Limited,Wheat,Leaf blight,500 ml
FUNGICIDE,Propiconazole,S-Tilt 25 EC,AP-1348,SAM Agro Chemical,Banana,Sigatoka,500 ml
FUNGICIDE,Propiconazole,S-Tilt 25 EC,AP-1348,SAM Agro Chemical,Wheat,Leaf blight,500 ml
FUNGICIDE,Propiconazole,S-Tilt 25 EC,AP-1348,SAM Agro Chemical,Rice,Sheath blight,500 ml
FUNGICIDE,Propiconazole,S-Tilt 25 EC,AP-1348,SAM Agro Chemical,Tea,"Red rust, Die-back, Black rot",500 ml
FUNGICIDE,Propiconazole,Aimcon 25 EC,AP-1350,ACI Formulations Limited,Banana,Sigatoka,500 ml
FUNGICIDE,Propiconazole,Aimcon 25 EC,AP-1350,ACI Formulations Limited,Rice,Sheath blight,500 ml
FUNGICIDE,Propiconazole,Aimcon 25 EC,AP-1350,ACI Formulations Limited,Wheat,Leaf blight,500 ml
FUNGICIDE,Propiconazole,Stilt 250 EC,AP-1351,S I Agro International,Banana,Sigatoka,500 ml
FUNGICIDE,Propiconazole,Stilt 250 EC,AP-1351,S I Agro International,Rice,Sheath blight,500 ml
FUNGICIDE,Propiconazole,Stilt 250 EC,AP-1351,S I Agro International,Wheat,Leaf blight,500 ml
FUNGICIDE,Propiconazole,Sunconazole 250 EC,AP-1358,Sun Seed Pesticides,Banana,Sigatoka,500 ml
FUNGICIDE,Propiconazole,Sunconazole 250 EC,AP-1358,Sun Seed Pesticides,Rice,Sheath blight,500 ml
FUNGICIDE,Propiconazole,Sunconazole 250 EC,AP-1358,Sun Seed Pesticides,Wheat,Leaf blight,500 ml
FUNGICIDE,Propiconazole,Niconazole 250 EC,AP-1359,Nafis Crop Care,Banana,Sigatoka,500 ml
FUNGICIDE,Propiconazole,Niconazole 250 EC,AP-1359,Nafis Crop Care,Rice,Sheath blight,500 ml
FUNGICIDE,Propiconazole,Niconazole 250 EC,AP-1359,Nafis Crop Care,Wheat,Leaf blight,500 ml
FUNGICIDE,Propiconazole,Arilt 25 EC,AP-1375,Aranya Crop Care Limited,Wheat,Leaf blight,500 ml
FUNGICIDE,Propiconazole,Arilt 25 EC,AP-1375,Aranya Crop Care Limited,Rice,Sheath blight,500 ml
FUNGICIDE,Propiconazole,P-Tilt 25 EC,AP-1378,Padma Agro Sprayers Co.,Wheat,Leaf blight,500 ml
FUNGICIDE,Propiconazole,P-Tilt 25 EC,AP-1378,Padma Agro Sprayers Co.,Rice,Sheath blight,500 ml
FUNGICIDE,Propiconazole,Ecotilt 250 EC,AP-1379,Amco Agricultural Industries,Wheat,Leaf blight,500 ml
FUNGICIDE,Propiconazole,Ecotilt 250 EC,AP-1379,Amco Agricultural Industries,Rice,Sheath blight,500 ml
FUNGICIDE,Propiconazole,Diptilt 250 EC,AP-1380,Dreamland Agro Products,Wheat,Leaf blight,500 ml
FUNGICIDE,Propiconazole,Diptilt 250 EC,AP-1380,Dreamland Agro Products,Rice,Sheath blight,500 ml
FUNGICIDE,Propiconazole,Pesticide 250 EC,AP-1381,Home Pest Control,Wheat,Leaf blight,500 ml
FUNGICIDE,Propiconazole,Pesticide 250 EC,AP-1381,Home Pest Control,Rice,Sheath blight,500 ml
FUNGICIDE,Propiconazole,Maxicon 25 EC,AP-1382,Integrated Crop Solution Bangladesh,Wheat,Leaf blight,500 ml
FUNGICIDE,Propiconazole,Maxicon 25 EC,AP-1382,Integrated Crop Solution Bangladesh,Rice,Sheath blight,500 ml
FUNGICIDE,Propiconazole,D-Tilt 25 EC,AP-1595,D M International,Rice,Sheath blight,500 ml
FUNGICIDE,Propiconazole,D-Tilt 25 EC,AP-1595,D M International,Wheat,Leaf blight,500 ml
FUNGICIDE,Propiconazole,Spilt 250 EC,AP-1597,Square Pharmaceuticals Limited,Wheat,Leaf blight,500 ml
FUNGICIDE,Propiconazole,Spilt 250 EC,AP-1597,Square Pharmaceuticals Limited,Rice,Sheath blight,500 ml
FUNGICIDE,Propiconazole,Pracare 250 EC,AP-1599,Prestige Agro Dragon,Wheat,Leaf blight,500 ml
FUNGICIDE,Propiconazole,Pracare 250 EC,AP-1599,Prestige Agro Dragon,Rice,Sheath blight,500 ml
FUNGICIDE,Propiconazole,C-Tilt 25 EC,AP-1600,Clean Agro,Wheat,Leaf blight,500 ml
FUNGICIDE,Propiconazole,C-Tilt 25 EC,AP-1600,Clean Agro,Rice,Sheath blight,500 ml
FUNGICIDE,Propiconazole,Contilt 250 EC,AP-1601,Agro Continent Bangladesh,Wheat,Leaf blight,500 ml
FUNGICIDE,Propiconazole,Contilt 250 EC,AP-1601,Agro Continent Bangladesh,Rice,Sheath blight,500 ml
FUNGICIDE,Propiconazole,Conazole 25 EC,AP-1614,Larsen Chemical Industries (Pvt) Ltd,Wheat,Leaf blight,500 ml
FUNGICIDE,Propiconazole,Conazole 25 EC,AP-1614,Larsen Chemical Industries (Pvt) Ltd,Rice,Sheath blight,500 ml
FUNGICIDE,Propiconazole,K-Zole 250 EC,AP-1627,Kohinoor Agro Chemical,Wheat,Leaf blight,500 ml
FUNGICIDE,Propiconazole,K-Zole 250 EC,AP-1627,Kohinoor Agro Chemical,Rice,Sheath blight,500 ml
FUNGICIDE,Propiconazole,Eltilt 250 EC,AP-1628,Alpha Agro Limited,Wheat,Leaf blight,500 ml
FUNGICIDE,Propiconazole,Eltilt 250 EC,AP-1628,Alpha Agro Limited,Rice,Sheath blight,500 ml
FUNGICIDE,Propiconazole,Titilt 250 EC,AP-1629,Marstrade International Culture,Wheat,Leaf blight,500 ml
FUNGICIDE,Propiconazole,Titilt 250 EC,AP-1629,Marstrade International Culture,Rice,Sheath blight,500 ml
FUNGICIDE,Propiconazole,O-Tilt 250 EC,AP-1630,Orbit Agro Industries,Wheat,Leaf blight,500 ml
FUNGICIDE,Propiconazole,O-Tilt 250 EC,AP-1630,Orbit Agro Industries,Rice,Sheath blight,500 ml
FUNGICIDE,Propiconazole,Riconazole 250 EC,AP-1679,Rico Agrovet,Wheat,Leaf blight,500 ml
FUNGICIDE,Propiconazole,Riconazole 250 EC,AP-1679,Rico Agrovet,Rice,Sheath blight,500 ml
FUNGICIDE,Propiconazole,Procon 25 EC,AP-1705,Classic Agrovet Limited,Wheat,Leaf blight,500 ml
FUNGICIDE,Propiconazole,Procon 25 EC,AP-1705,Classic Agrovet Limited,Rice,Sheath blight,500 ml
FUNGICIDE,Propiconazole,Noktikt 25 EC,AP-1707,Nokon Limited,Wheat,Leaf blight,500 ml
FUNGICIDE,Propiconazole,Noktikt 25 EC,AP-1707,Nokon Limited,Rice,Sheath blight,500 ml
FUNGICIDE,Propiconazole,Greentilt 250 EC,AP-1709,Green Bangla Agrovet Limited,Wheat,Leaf blight,500 ml
FUNGICIDE,Propiconazole,Greentilt 250 EC,AP-1709,Green Bangla Agrovet Limited,Rice,Sheath blight,500 ml
FUNGICIDE,Propiconazole,Parazilt 250 EC,AP-1710,Padma Agro Sprayers Co.,Wheat,Leaf blight,500 ml
FUNGICIDE,Propiconazole,Parazilt 250 EC,AP-1710,Padma Agro Sprayers Co.,Rice,Sheath blight,500 ml
FUNGICIDE,Propiconazole,Rilt 250 EC,AP-1712,R K Agro Products Limited,Wheat,Leaf blight,500 ml
FUNGICIDE,Propiconazole,Rilt 250 EC,AP-1712,R K Agro Products Limited,Rice,Sheath blight,500 ml
FUNGICIDE,Propiconazole,Kastilt 250 EC,AP-1713,Krishan Agro Chemicals,Wheat,Leaf blight,500 ml
FUNGICIDE,Propiconazole,Kastilt 250 EC,AP-1713,Krishan Agro Chemicals,Rice,Sheath blight,500 ml
FUNGICIDE,Propiconazole,Satilt 250 EC,AP-1714,Sadik Agrochemicals Co.,Wheat,Leaf blight,500 ml
FUNGICIDE,Propiconazole,Satilt 250 EC,AP-1714,Sadik Agrochemicals Co.,Rice,Sheath blight,500 ml
FUNGICIDE,Propiconazole,Asetilt 250 EC,AP-1715,Assent International,Wheat,Leaf blight,500 ml
FUNGICIDE,Propiconazole,Asetilt 250 EC,AP-1715,Assent International,Rice,Sheath blight,500 ml
FUNGICIDE,Propiconazole,Shine 250 EC,AP-1716,M/S Parvin Agro Chemicals,Wheat,Leaf blight,500 ml
FUNGICIDE,Propiconazole,Shine 250 EC,AP-1716,M/S Parvin Agro Chemicals,Rice,Sheath blight,500 ml
FUNGICIDE,Propiconazole,Prozole 250 EC,AP-1717,Agrinet Crop Care Bangladesh,Wheat,Leaf blight,500 ml
FUNGICIDE,Propiconazole,Prozole 250 EC,AP-1717,Agrinet Crop Care Bangladesh,Rice,Sheath blight,500 ml
FUNGICIDE,Propiconazole,Sunilt 250 EC,AP-1718,Sun Corporation,Wheat,Leaf blight,500 ml
FUNGICIDE,Propiconazole,Sunilt 250 EC,AP-1718,Sun Corporation,Rice,Sheath blight,500 ml
FUNGICIDE,Propiconazole,Acatilt 250 EC,AP-1719,ACE Farming Solutions,Wheat,Leaf blight,500 ml
FUNGICIDE,Propiconazole,Acatilt 250 EC,AP-1719,ACE Farming Solutions,Rice,Sheath blight,500 ml
FUNGICIDE,Propiconazole,Smartilt 250 EC,AP-1720,Smart Agrovet,Wheat,Leaf blight,500 ml
FUNGICIDE,Propiconazole,Smartilt 250 EC,AP-1720,Smart Agrovet,Rice,Sheath blight,500 ml
FUNGICIDE,Propiconazole,Filt 250 EC,AP-1722,Farm Chem International Ltd,Wheat,Leaf blight,500 ml
FUNGICIDE,Propiconazole,Filt 250 EC,AP-1722,Farm Chem International Ltd,Rice,Sheath blight,500 ml
FUNGICIDE,Propiconazole,Ecotilt 250 EC,AP-1723,East West Chemicals Limited,Wheat,Leaf blight,500 ml
FUNGICIDE,Propiconazole,Ecotilt 250 EC,AP-1723,East West Chemicals Limited,Rice,Sheath blight,500 ml
FUNGICIDE,Propiconazole,Fultilt 250 EC,AP-1724,Rajib Agro Chemicals Limited,Wheat,Leaf blight,500 ml
FUNGICIDE,Propiconazole,Fultilt 250 EC,AP-1724,Rajib Agro Chemicals Limited,Rice,Sheath blight,500 ml
FUNGICIDE,Propiconazole,Fitilt 250 EC,AP-1726,M S Agro Chemicals Company Ltd,Wheat,Leaf blight,500 ml
FUNGICIDE,Propiconazole,Fitilt 250 EC,AP-1726,M S Agro Chemicals Company Ltd,Rice,Sheath blight,500 ml
FUNGICIDE,Propiconazole,Conik 250 EC,AP-1727,Kishan Agro Products,Wheat,Leaf blight,500 ml
FUNGICIDE,Propiconazole,Conik 250 EC,AP-1727,Kishan Agro Products,Rice,Sheath blight,500 ml
FUNGICIDE,Propiconazole,F-Tilt 250 EC,AP-1728,FCI Agro Limited,Wheat,Leaf blight,500 ml
FUNGICIDE,Propiconazole,F-Tilt 250 EC,AP-1728,FCI Agro Limited,Rice,Sheath blight,500 ml
FUNGICIDE,Propiconazole,Titom 250 EC,AP-1729,Delta Agro Chemicals,Wheat,Leaf blight,500 ml
FUNGICIDE,Propiconazole,Titom 250 EC,AP-1729,Delta Agro Chemicals,Rice,Sheath blight,500 ml
FUNGICIDE,Propiconazole,Ractilt 250 EC,AP-1730,Spectrum Engineering Consortium Ltd,Wheat,Leaf blight,500 ml
FUNGICIDE,Propiconazole,Ractilt 250 EC,AP-1730,Spectrum Engineering Consortium Ltd,Rice,Sheath blight,500 ml
FUNGICIDE,Propineb,Antracol 70 WP,AP-142,Bayer CropScience Limited,Potato,Early & Late blight,1.50 Kg
FUNGICIDE,Propineb,Antracol 70 WP,AP-142,Bayer CropScience Limited,Tomato,Early & Late blight,1.50 Kg
FUNGICIDE,Propineb,Antracol 70 WP,AP-142,Bayer CropScience Limited,Betel vine,Foot rot,2 gm/Litre of water
FUNGICIDE,Propineb,Procol 70 WP,AP-1892,Assign Crop Care Limited,Potato,Late blight,2 gm/Litre of water
FUNGICIDE,Propineb,Procol 70 WP,AP-1892,Assign Crop Care Limited,Tomato,Late blight,2 gm/Litre of water
FUNGICIDE,Sulfur (80%),Sulfotox 80 WP,AP-141,Auto Crop Care Limited,Tea,Red spider mite,2.00 Kg
FUNGICIDE,Sulfur (80%),Sulfotox 80 WP,AP-141,Auto Crop Care Limited,Betel vine,Powdery mildew,2.00 Kg
FUNGICIDE,Sulfur (80%),Kumulus DF,AP-175,BASF Bangladesh Limited,Jute,Yellow mite,2.00 Kg
FUNGICIDE,Sulfur (80%),Kumulus DF,AP-175,BASF Bangladesh Limited,Betel vine,Powdery mildew,2.00 Kg
FUNGICIDE,Sulfur (80%),Kumulus DF,AP-175,BASF Bangladesh Limited,Tea,Red spider mite,2.00 Kg
FUNGICIDE,Sulfur (80%),Kumulus DF,AP-175,BASF Bangladesh Limited,Vegetables,Powdery mildew,2 gm/Litre of water
FUNGICIDE,Sulfur (80%),Kumulus DF,AP-175,BASF Bangladesh Limited,Ground nut,Tikka,2.00 Kg
FUNGICIDE,Sulfur (80%),Thiovit 80 WG,AP-210,Syngenta Bangladesh Limited,Jute,Yellow mite,2.00 Kg
FUNGICIDE,Sulfur (80%),Thiovit 80 WG,AP-210,Syngenta Bangladesh Limited,Betel vine,Powdery mildew,2.00 Kg
FUNGICIDE,Sulfur (80%),Thiovit 80 WG,AP-210,Syngenta Bangladesh Limited,Tea,Red spider mite,2.00 Kg
FUNGICIDE,Sulfur (80%),Thiovit 80 WG,AP-210,Syngenta Bangladesh Limited,Potato,Powdery mildew,2.00 Kg
FUNGICIDE,Sulfur (80%),Thiovit 80 WG,AP-210,Syngenta Bangladesh Limited,Mango,Powdery mildew,2.00 Kg
FUNGICIDE,Sulfur (80%),Thiovit 80 WG,AP-210,Syngenta Bangladesh Limited,Tomato,Late blight,2.00 Kg
FUNGICIDE,Sulfur (80%),Thiovit 80 WG,AP-210,Syngenta Bangladesh Limited,Chili,Powdery mildew,2.00 Kg
FUNGICIDE,Sulfur (80%),Thiovit 80 WG,AP-210,Syngenta Bangladesh Limited,Rice,Brown spot,2.00 Kg
FUNGICIDE,Sulfur (80%),Sulfin 80 WP,AP-243,Shetu Pesticides Limited,Betel vine,Powdery mildew,2.00 Kg
FUNGICIDE,Sulfur (80%),Sulfin 80 WP,AP-243,Shetu Pesticides Limited,Tea,Red spider mite,2.00 Kg
FUNGICIDE,Sulfur (80%),Ronovit 80 WG,AP-444,National AgriCare Import & Export Ltd,Tea,Red spider mite,2.00 Kg
FUNGICIDE,Sulfur (80%),Ronovit 80 WG,AP-444,National AgriCare Import & Export Ltd,Jute,Yellow mite,2.00 Kg
FUNGICIDE,Sulfur (80%),Ronovit 80 WG,AP-444,National AgriCare Import & Export Ltd,Betel vine,Powdery mildew,2.00 Kg
FUNGICIDE,Sulfur (80%),Sunvit 80 WDG,AP-463,Shetu Corporation Limited,Betel vine,Powdery mildew,2.00 Kg
FUNGICIDE,Sulfur (80%),Sunvit 80 WDG,AP-463,Shetu Corporation Limited,Tea,Red spider mite,2.00 Kg
FUNGICIDE,Sulfur (80%),Microsul 80 DF,AP-502,Chemolimpex Agro Limited,Tea,Red spider mite,2.00 Kg
FUNGICIDE,Sulfur (80%),Microsul 80 DF,AP-502,Chemolimpex Agro Limited,Betel vine,Powdery mildew,2.00 Kg
FUNGICIDE,Sulfur (80%),Gavit 80 WDG,AP-545,Global Agrochemicals Limited,Betel vine,Powdery mildew,2.00 Kg
FUNGICIDE,Sulfur (80%),Gavit 80 WDG,AP-545,Global Agrochemicals Limited,Tea,Red spider mite,2.00 Kg
FUNGICIDE,Sulfur (80%),Agrosulf 80 WP,AP-609,Haychem (Bangladesh) Limited,Betel vine,Powdery mildew,2.00 Kg
FUNGICIDE,Sulfur (80%),Agrosulf 80 WP,AP-609,Haychem (Bangladesh) Limited,Tea,Red spider mite,2.00 Kg
FUNGICIDE,Sulfur (80%),Agrosulf 80 WP,AP-609,Haychem (Bangladesh) Limited,Jute,Yellow mite,2.00 Kg
FUNGICIDE,Sulfur (80%),Savit 80 WDG,AP-1895,Modern Agro Care,Betel vine,Powdery mildew,2.00 Kg
FUNGICIDE,Sulfur (80%),Savit 80 WDG,AP-1895,Modern Agro Care,Tea,Red spider mite,2.00 Kg
FUNGICIDE,Tebuconazole (50%) + Trifloxystrobin (25%),Nativo 75 WG,AP-1776,Bayer CropScience Limited,Rice,Sheath blight,250 gm
FUNGICIDE,Tebuconazole (50%) + Trifloxystrobin (25%),Nativo 75 WG,AP-1776,Bayer CropScience Limited,Rice,Neck blast,250 gm
FUNGICIDE,Tricyclazole,Beam 75 WP,AP-461,Auto Crop Care Limited,Rice,Blast disease,400 gm
FUNGICIDE,Tricyclazole,Trooper 75 WP,AP-604,A-Intraco (Bangladesh) Limited,Rice,Blast disease,400 gm
FUNGICIDE,Tricyclazole,Tricore 75 WP,AP-1075,MAP Agro Industries Limited,Rice,Blast disease,400 gm
FUNGICIDE,Tricyclazole,Blastnil 75 WP,AP-1089,ACI Formulations Limited,Rice,Blast disease,400 gm
FUNGICIDE,Tricyclazole,Trifol 75 WP,AP-1138,Sinochem Bangladesh (Pvt) Limited,Rice,Blast disease,400 gm
FUNGICIDE,Tricyclazole,G-Blast 75 WP,AP-1233,Global Agrovet Limited,Rice,Blast disease,400 gm
FUNGICIDE,Tricyclazole,Bicozole 75 WP,AP-1371,Bismillah Corporation Limited,Rice,Blast disease,400 gm
FUNGICIDE,Tricyclazole,Zole 75 WP,AP-1612,Atherton Imbros Company Limited,Rice,Blast disease,400 gm
FUNGICIDE,Tricyclazole,Blaster 75 WP,AP-1613,Sweet Agrovet Limited,Rice,Blast disease,400 gm
FUNGICIDE,Tricyclazole,Amiblast 75 WP,AP-1768,Amco Agricultural Industries,Rice,Blast disease,400 gm
FUNGICIDE,Tricyclazole,Sublast 75 WP,AP-1769,Surovi Agro Industries Limited,Rice,Blast disease,400 gm
FUNGICIDE,Tricyclazole,D-Blast 75 WP,AP-1770,Dreamland Agro Products,Rice,Blast disease,400 gm
FUNGICIDE,Tricyclazole,Star 75 WP,AP-1771,Assign Crop Care Limited,Rice,Blast disease,400 gm
FUNGICIDE,Tricyclazole,Trisole 75 WP,AP-1878,Asia Trade International,Rice,Blast disease,400 gm
FUNGICIDE,Tricyclazole,Greenblast 75 WP,AP-1879,Green Bangla Agrovet Limited,Rice,Blast disease,400 gm
FUNGICIDE,Validamycin,Validacin 3 L,AP-440,Auto Crop Care Limited,Rice,Sheath blight,500 ml
FUNGICIDE,Validamycin,Sheathmar 3 L,AP-1137,Shetu Corporation Limited,Rice,Sheath blight,500 ml
FUNGICIDE,Zineb,Ziman 80 WP,AP-1120,Alpha Agro Limited,Tomato,Late blight,2 gm/Litre of water
FUNGICIDE,Zineb,Indofil-Z-78,AP-1777,Auto Crop Care Limited,Potato,Late blight,2 gm/Litre of water
HERBICIDE,Acetochlor (14%) + Bensulfuron Methyl (4%),Solito 18 WP,AP-2273,Syngenta Bangladesh Limited,Rice,Broad & Grass weed,400 gm
HERBICIDE,Acetochlor (14%) + Bensulfuron Methyl (4%),Cleanweed 18 WP,AP-2771,Assign Crop Care Limited,Rice,Broad leaf & Sedge,400 gm
HERBICIDE,Anilofos,Arozin 30 EC,AP-209,A-Intraco (Bangladesh) Limited,Rice,Annual grasses,1.50 Litre
HERBICIDE,Anilofos,Arozin 30 EC,AP-209,A-Intraco (Bangladesh) Limited,Rice,Sedges,1.50 Litre
HERBICIDE,Anilofos,Aniloguard 30 EC,AP-452,Auto Crop Care Limited,Rice,Annual grasses & Sedges,1.50 Litre
HERBICIDE,Anilofos,Anilofos 30 EC,AP-1133,McDonald Bangladesh (Pvt) Limited,Rice,Annual grasses & Sedges,1.50 Litre
HERBICIDE,Anilofos,Rich 30 EC,AP-1134,Haychem (Bangladesh) Limited,Rice,Annual grasses & Sedges,1.50 Litre
HERBICIDE,Anilofos,Bico-nil 30 EC,AP-1249,Bismillah Corporation Limited,Rice,Annual grasses & Sedges,1.50 Litre
HERBICIDE,Anilofos,M-Anil 30 EC,AP-1250,Meghna Fertilizer & Agro Chemicals Indus,Rice,Annual grasses & Sedges,1.50 Litre
HERBICIDE,Anilofos,Fos 30 EC,AP-1364,Integrated Crop Solution Bangladesh,Rice,Annual grasses & Sedges,1.50 Litre
HERBICIDE,Anilofos,Fozi 30 EC,AP-1365,Asia Trade International,Rice,Annual grasses & Sedges,1.50 Litre
HERBICIDE,Anilofos,Topclean 30 EC,AP-1366,Top Agro Enterprise,Rice,Annual grasses & Sedges,1.50 Litre
HERBICIDE,Anilofos,Agrostar 30 EC,AP-1367,Agro Chem Agribusiness,Rice,Annual grasses & Sedges,1.50 Litre
HERBICIDE,Anilofos,Sunil 30 EC,AP-1368,Sun Seed Pesticides,Rice,Annual grasses & Sedges,1.50 Litre
HERBICIDE,Anilofos,Econil 30 EC,AP-1369,Amco Agricultural Industries,Rice,Annual grasses & Sedges,1.50 Litre
HERBICIDE,Anilofos,Sweetnil 30 EC,AP-1370,Sweet Agrovet Limited,Rice,Annual grasses & Sedges,1.50 Litre
HERBICIDE,Anilofos,Acifos 30 EC,AP-1593,ACI Formulations Limited,Rice,Annual grasses & Sedges,1.50 Litre
HERBICIDE,Anilofos,S-Anil 30 EC,AP-1617,SAM Agro Chemical,Rice,Annual grasses & Sedges,1.50 Litre
HERBICIDE,Anilofos,Riconil 30 EC,AP-1618,Rico Agrovet,Rice,Annual grasses & Sedges,1.50 Litre
HERBICIDE,Anilofos,Agrofos 30 EC,AP-1619,Agrinet Crop Care Bangladesh,Rice,Annual grasses & Sedges,1.50 Litre
HERBICIDE,Anilofos,Nokweed 30 EC,AP-1620,Nokon Limited,Rice,Annual grasses & Sedges,1.50 Litre
HERBICIDE,Anilofos,Al-Anil 30 EC,AP-1621,Alpha Agro Limited,Rice,Annual grasses & Sedges,1.50 Litre
HERBICIDE,Anilofos,Coronil 30 EC,AP-1622,Corbel International Limited,Rice,Annual grasses & Sedges,1.50 Litre
HERBICIDE,Anilofos,Pro-Anil 30 EC,AP-1623,Crop Protection & Care Centre,Rice,Annual grasses & Sedges,1.50 Litre
HERBICIDE,Anilofos,Sweed 30 EC,AP-1624,Smart Agrovet,Rice,Annual grasses & Sedges,1.50 Litre
HERBICIDE,Anilofos,G-Fos 30 EC,AP-1625,Global Agrovet Limited,Rice,Annual grasses & Sedges,1.50 Litre
HERBICIDE,Bensulfuron Methyl (4%) + Acetochlor (14%),Sinar 18 WP,AP-2534,A-Intraco (Bangladesh) Limited,Rice,Broad leaf & Sedge,400 gm
HERBICIDE,Bensulfuron Methyl (4%) + Acetochlor (14%),Rice Guard 18 WP,AP-2536,Auto Crop Care Limited,Rice,Broad leaf & Sedge,400 gm
HERBICIDE,Bensulfuron Methyl (4%) + Acetochlor (14%),Benset 18 WP,AP-2537,Modern Agro Care,Rice,Broad leaf & Sedge,400 gm
HERBICIDE,Bensulfuron Methyl (4%) + Acetochlor (14%),Acirice 18 WP,AP-2538,Assign Crop Care Limited,Rice,Broad leaf & Sedge,400 gm
HERBICIDE,Bensulfuron Methyl (4%) + Acetochlor (14%),Agroclean 18 WP,AP-2539,Padma Agro Sprayers Co.,Rice,Broad leaf & Sedge,400 gm
HERBICIDE,Bensulfuron Methyl (4%) + Acetochlor (14%),Weedset 18 WP,AP-2615,Clean Agro,Rice,Broad leaf & Sedge,400 gm
HERBICIDE,Bensulfuron Methyl (4%) + Acetochlor (14%),Weed King 18 WP,AP-2616,R K Agro Products Limited,Rice,Broad leaf & Sedge,400 gm
HERBICIDE,Bensulfuron methyl (4%) + Bispyribac sodium (4%),Dipsulf 8 WP,AP-2776,Dreamland Agro Products,Rice,Broad leaf & Sedge,500 gm
HERBICIDE,Bispyribac-sodium,Nominee 100 SC,AP-2313,Auto Crop Care Limited,Rice,Echinochloa & Broad leaf,100-150 ml
HERBICIDE,Bispyribac-sodium,Super Hit 100 SC,AP-2772,McDonald Bangladesh (Pvt) Limited,Rice,Annual grasses & Sedges,150 ml
HERBICIDE,Bispyribac-sodium,R-Sodium 100 SC,AP-2773,Retina Agro Chemical,Rice,Broad leaf & Sedge,100 ml
HERBICIDE,Bispyribac-sodium,Bi-Piri 100 SC,AP-2774,Krishan Agro Chemicals,Rice,Broad leaf & Sedge,150 ml
HERBICIDE,Butachlor,Machete 5 G,AP-451,Sinochem Bangladesh (Pvt) Limited,Rice,Annual grasses,25.00 Kg
HERBICIDE,Butachlor,Machete 5 G,AP-451,Sinochem Bangladesh (Pvt) Limited,Rice,Sedges,25.00 Kg
HERBICIDE,Butachlor,Machete 5 G,AP-451,Sinochem Bangladesh (Pvt) Limited,Rice,Broad leaf weed,25.00 Kg
HERBICIDE,Butachlor,Dhanchash 5 G,AP-1132,Square Pharmaceuticals Limited,Rice,Annual grasses & Sedges,25.00 Kg
HERBICIDE,Butachlor,Dhanchash 5 G,AP-1132,Square Pharmaceuticals Limited,Rice,Broad leaf weed,25.00 Kg
HERBICIDE,Butachlor,Parachlor 5 G,AP-1140,Partex Agro Limited,Rice,Annual grasses & Sedges,25.00 Kg
HERBICIDE,Butachlor,Parachlor 5 G,AP-1140,Partex Agro Limited,Rice,Broad leaf weed,25.00 Kg
HERBICIDE,Butachlor,Sinoclor 5 G,AP-1224,Sinochem Bangladesh (Pvt) Limited,Rice,Annual grasses & Sedges,25.00 Kg
HERBICIDE,Butachlor,Sinoclor 5 G,AP-1224,Sinochem Bangladesh (Pvt) Limited,Rice,Broad leaf weed,25.00 Kg
HERBICIDE,Butachlor,Zeta 5 G,AP-1248,A-Intraco (Bangladesh) Limited,Rice,Annual grasses & Sedges,25.00 Kg
HERBICIDE,Butachlor,Zeta 5 G,AP-1248,A-Intraco (Bangladesh) Limited,Rice,Broad leaf weed,25.00 Kg
HERBICIDE,Cinmethylin,Argold 10 EC,AP-208,BASF Bangladesh Limited,Rice,Barnyard Grass & other weeds,500 ml
HERBICIDE,Diuron,Karmex 80 WP,AP-270,Petrochem (Bangladesh) Limited,Cotton,Grass & Broad leaf weeds,1.50 Kg
HERBICIDE,Diuron,Karmex 80 WP,AP-270,Petrochem (Bangladesh) Limited,Sugarcane,Grass & Broad leaf weeds,2.00 Kg
HERBICIDE,Diuron,Karmex 80 WP,AP-270,Petrochem (Bangladesh) Limited,Tea,Annual grasses & Broad leaf weeds,1.50 Kg
HERBICIDE,Diuron,Direx 80 WP,AP-453,Petrochem (Bangladesh) Limited,Cotton,Grass & Broad leaf weeds,1.50 Kg
HERBICIDE,Diuron,Direx 80 WP,AP-453,Petrochem (Bangladesh) Limited,Sugarcane,Grass & Broad leaf weeds,2.00 Kg
HERBICIDE,Diuron,Direx 80 WP,AP-453,Petrochem (Bangladesh) Limited,Tea,Annual grasses & Broad leaf weeds,1.50 Kg
HERBICIDE,Ethoxysulfuron,Sunrice 150 WG,AP-501,Bayer CropScience Limited,Rice,Broad leaf & Sedges,100 gm
HERBICIDE,Ethoxysulfuron,Sunrice 150 WG,AP-501,Bayer CropScience Limited,Rice,Broad leaf & Sedges,100 gm
HERBICIDE,Ethoxysulfuron,G-Sunrice 150 WG,AP-1969,Global Agrovet Limited,Rice,Broad leaf & Sedges,100 gm
HERBICIDE,Ethoxysulfuron,E-Rice 150 WG,AP-2504,Eon Agro Industries Limited,Rice,Broad leaf & Sedges,100 gm
HERBICIDE,Ethoxysulfuron,Shilrice 150 WG,AP-2505,Shetu Corporation Limited,Rice,Broad leaf & Sedges,100 gm
HERBICIDE,Ethoxysulfuron,Safest 150 WG,AP-2793,Agro Continent Bangladesh,Rice,Broad leaf & Sedges,100 gm
HERBICIDE,Ethoxysulfuron,Rise On 150 WDG,AP-2794,Agro Chem Agribusiness,Rice,Broad leaf & Sedges,100 gm
HERBICIDE,Ethoxysulfuron,Greenrice 150 WG,AP-2795,Green Harvest Limited,Rice,Broad leaf & Sedges,100 gm
HERBICIDE,Ethoxysulfuron,Sun-Rice 150 WDG,AP-2796,Sweet Agrovet Limited,Rice,Broad leaf & Sedges,100 gm
HERBICIDE,Ethoxysulfuron,Bicosun 150 WG,AP-2797,Bismillah Corporation Limited,Rice,Broad leaf & Sedges,100 gm
HERBICIDE,Ethoxysulfuron,B-Rice 150 WG,AP-2798,Bongshe Moharaj & Agro Tech,Rice,Broad leaf & Sedges,100 gm
HERBICIDE,Ethoxysulfuron,Siamrice 150 WG,AP-2799,Siam Crop Care,Rice,Broad leaf & Sedges,100 gm
HERBICIDE,Ethoxysulfuron,Pacerice 150 WG,AP-2800,Pace Agro International,Rice,Broad leaf & Sedges,100 gm
HERBICIDE,Ethoxysulfuron,Z-Rice 150 WG,AP-3151,Modern Agri Care,Rice,Broad leaf & Sedges,100 gm
HERBICIDE,Ethoxysulfuron,Agrosun 150 WG,AP-3152,Aama Green Care,Rice,Broad leaf & Sedges,100 gm
HERBICIDE,Ethoxysulfuron,Arun 150 WG,AP-3237,Intefa,Rice,Broad leaf & Sedges,100 gm
HERBICIDE,Ethoxysulfuron,Cororice 150 WG,AP-3255,Corbel International Limited,Rice,Broad leaf & Sedges,100 gm
HERBICIDE,Ethoxysulfuron,C-Sunrice 150 WG,AP-3256,Assign Crop Care Limited,Rice,Broad leaf & Sedges,100 gm
HERBICIDE,Ethoxysulfuron,Suprorice 150 WG,AP-3257,Surovi Agro Industries Limited,Rice,Broad leaf & Sedges,100 gm
HERBICIDE,Ethoxysulfuron,Pararice 150 WG,AP-3258,Padma Agro Sprayers Co.,Rice,Broad leaf & Sedges,100 gm
HERBICIDE,Ethoxysulfuron,M-Rice 150 WG,AP-3259,Mary Gold Agro Science,Rice,Broad leaf & Sedges,100 gm
HERBICIDE,Ethoxysulfuron,M-Rice 150 WG,AP-3259,Mary Gold Agro Science,Rice,Broad leaf & Sedges,100 gm
HERBICIDE,Glyphosate,Roundup,AP-240,Sinochem Bangladesh (Pvt) Limited,Tea,Annual grasses & Broad leaf weeds,2.5-3.75 Litre
HERBICIDE,Glyphosate,Roundup,AP-240,Sinochem Bangladesh (Pvt) Limited,Tea,Deep rooted perennial weeds,3.75-4.50 Litre
HERBICIDE,Glyphosate,Roundup,AP-240,Sinochem Bangladesh (Pvt) Limited,Tea,Shrubs & Woody perennial weeds,4.5-5.6 Litre
HERBICIDE,Glyphosate,Glycel 41% SL,AP-271,Auto Crop Care Limited,Tea,Deep rooted perennial weeds,3.70 Litre
HERBICIDE,Glyphosate,Glycel 41% SL,AP-271,Auto Crop Care Limited,Tea,Broad leaf,3.70 Litre
HERBICIDE,Glyphosate,D-Phosate 41% SL,AP-383,Dreamland Agro Products,Tea,Deep rooted perennial weeds,3.70 Litre
HERBICIDE,Glyphosate,D-Phosate 41% SL,AP-383,Dreamland Agro Products,Tea,Broad leaf,3.70 Litre
HERBICIDE,Glyphosate,Wipe-Out 41% SL,AP-450,Haychem (Bangladesh) Limited,Tea,Broad leaf,3.70 Litre
HERBICIDE,Glyphosate,Wipe-Out 41% SL,AP-450,Haychem (Bangladesh) Limited,Tea,Deep rooted perennial weeds,3.70 Litre
HERBICIDE,Glyphosate,Glysate 41% SL,AP-524,Chemolimpex Agro Limited,Tea,Broad leaf,3.70 Litre
HERBICIDE,Glyphosate,Glysate 41% SL,AP-524,Chemolimpex Agro Limited,Tea,Deep rooted perennial weeds,3.70 Litre
HERBICIDE,Glyphosate,Amiphosate 41% SL,AP-544,ACI Formulations Limited,Tea,Annual grasses & Broad leaf weeds,3.70 Litre
HERBICIDE,Glyphosate,Amiphosate 41% SL,AP-544,ACI Formulations Limited,Tea,Deep rooted perennial weeds,3.70 Litre
HERBICIDE,Glyphosate,Phosate 41% SL,AP-605,A-Intraco (Bangladesh) Limited,Tea,Annual grasses & Broad leaf weeds,3.70 Litre
HERBICIDE,Glyphosate,Phosate 41% SL,AP-605,A-Intraco (Bangladesh) Limited,Tea,Deep rooted perennial weeds,3.70 Litre
HERBICIDE,Glyphosate,Chemsate 41% SL,AP-606,Alpha Agro Limited,Tea,Annual grasses & Broad leaf weeds,3.70 Litre
HERBICIDE,Glyphosate,Chemsate 41% SL,AP-606,Alpha Agro Limited,Tea,Deep rooted perennial weeds,3.70 Litre
HERBICIDE,Glyphosate,Fighter 41% SL,AP-607,Agro Chem Agribusiness,Tea,Annual grasses & Broad leaf weeds,3.70 Litre
HERBICIDE,Glyphosate,Fighter 41% SL,AP-607,Agro Chem Agribusiness,Tea,Deep rooted perennial weeds,3.70 Litre
HERBICIDE,Glyphosate,Sunphosate 41% SL,AP-625,Shetu Corporation Limited,Tea,Annual grasses & Broad leaf weeds,3.70 Litre
HERBICIDE,Glyphosate,Sunphosate 41% SL,AP-625,Shetu Corporation Limited,Tea,Deep rooted perennial weeds,3.70 Litre
HERBICIDE,Glyphosate,Sinosate 41% SL,AP-709,Sinochem Bangladesh (Pvt) Limited,Tea,Broad leaf,3.70 Litre
HERBICIDE,Glyphosate,Sinosate 41% SL,AP-709,Sinochem Bangladesh (Pvt) Limited,Tea,Deep rooted perennial weeds,3.70 Litre
HERBICIDE,Glyphosate,Weedoff 41% SL,AP-788,Asia Trade International,Tea,Broad leaf,3.70 Litre
HERBICIDE,Glyphosate,Weedoff 41% SL,AP-788,Asia Trade International,Tea,Deep rooted perennial weeds,3.70 Litre
HERBICIDE,Glyphosate,Glysate 41% SL,AP-789,McDonald Bangladesh (Pvt) Limited,Tea,Broad leaf,3.70 Litre
HERBICIDE,Glyphosate,Glysate 41% SL,AP-789,McDonald Bangladesh (Pvt) Limited,Tea,Deep rooted perennial weeds,3.70 Litre
HERBICIDE,Glyphosate,Bicophosate 41% SL,AP-807,Bismillah Corporation Limited,Tea,Broad leaf,3.70 Litre
HERBICIDE,Glyphosate,Bicophosate 41% SL,AP-807,Bismillah Corporation Limited,Tea,Deep rooted perennial weeds,3.70 Litre
HERBICIDE,Glyphosate,Topweed 41% SL,AP-860,Top Agro Enterprise,Tea,Broad leaf,3.70 Litre
HERBICIDE,Glyphosate,Topweed 41% SL,AP-860,Top Agro Enterprise,Tea,Deep rooted perennial weeds,3.70 Litre
HERBICIDE,Glyphosate,Glisato 41% SL,AP-862,Home Pest Control,Tea,Broad leaf,3.70 Litre
HERBICIDE,Glyphosate,Glisato 41% SL,AP-862,Home Pest Control,Tea,Deep rooted perennial weeds,3.70 Litre
HERBICIDE,Glyphosate,Paraphosate 41% SL,AP-896,Padma Agro Sprayers Co.,Tea,Broad leaf,3.70 Litre
HERBICIDE,Glyphosate,Paraphosate 41% SL,AP-896,Padma Agro Sprayers Co.,Tea,Deep rooted perennial weeds,3.70 Litre
HERBICIDE,Glyphosate,Nokweed 41% SL,AP-916,Nokon Limited,Tea,Broad leaf,3.70 Litre
HERBICIDE,Glyphosate,Nokweed 41% SL,AP-916,Nokon Limited,Tea,Deep rooted perennial weeds,3.70 Litre
HERBICIDE,Glyphosate,G-Phosate 41% SL,AP-979,Global Agrovet Limited,Tea,Broad leaf,3.70 Litre
HERBICIDE,Glyphosate,G-Phosate 41% SL,AP-979,Global Agrovet Limited,Tea,Deep rooted perennial weeds,3.70 Litre
HERBICIDE,Glyphosate,Acquasate 41% SL,AP-983,National AgriCare Import & Export Ltd,Tea,Broad leaf,3.70 Litre
HERBICIDE,Glyphosate,Acquasate 41% SL,AP-983,National AgriCare Import & Export Ltd,Tea,Deep rooted perennial weeds,3.70 Litre
HERBICIDE,Glyphosate,Bongphosate 41% SL,AP-1052,Bongshe Moharaj & Agro Tech,Tea,Broad leaf,3.70 Litre
HERBICIDE,Glyphosate,Bongphosate 41% SL,AP-1052,Bongshe Moharaj & Agro Tech,Tea,Deep rooted perennial weeds,3.70 Litre
HERBICIDE,Glyphosate,Glyfos 41% SL,AP-1056,Atherton Imbros Company Limited,Tea,Broad leaf,3.70 Litre
HERBICIDE,Glyphosate,Glyfos 41% SL,AP-1056,Atherton Imbros Company Limited,Tea,Deep rooted perennial weeds,3.70 Litre
HERBICIDE,Glyphosate,M-Phosate 41% SL,AP-1130,Meghna Fertilizer & Agro Chemicals Indus,Tea,Broad leaf,3.70 Litre
HERBICIDE,Glyphosate,M-Phosate 41% SL,AP-1130,Meghna Fertilizer & Agro Chemicals Indus,Tea,Deep rooted perennial weeds,3.70 Litre
HERBICIDE,Glyphosate,S-Phosate 41% SL,AP-1131,SAM Agro Chemical,Tea,Broad leaf,3.70 Litre
HERBICIDE,Glyphosate,S-Phosate 41% SL,AP-1131,SAM Agro Chemical,Tea,Deep rooted perennial weeds,3.70 Litre
HERBICIDE,Glyphosate,Uniphosate 41% SL,AP-1141,United Phosphorus (Bangladesh) Ltd,Tea,Broad leaf,3.70 Litre
HERBICIDE,Glyphosate,Uniphosate 41% SL,AP-1141,United Phosphorus (Bangladesh) Ltd,Tea,Deep rooted perennial weeds,3.70 Litre
HERBICIDE,Glyphosate,Super Sate 41% SL,AP-1142,Prime Agro Limited,Tea,Broad leaf,3.70 Litre
HERBICIDE,Glyphosate,Super Sate 41% SL,AP-1142,Prime Agro Limited,Tea,Deep rooted perennial weeds,3.70 Litre
HERBICIDE,Glyphosate,Hilphosate 41% SL,AP-1143,Agrinet Crop Care Bangladesh,Tea,Broad leaf,3.70 Litre
HERBICIDE,Glyphosate,Hilphosate 41% SL,AP-1143,Agrinet Crop Care Bangladesh,Tea,Deep rooted perennial weeds,3.70 Litre
HERBICIDE,Glyphosate,Glyphos 41% SL,AP-1144,Integrated Crop Solution Bangladesh,Tea,Broad leaf,3.70 Litre
HERBICIDE,Glyphosate,Glyphos 41% SL,AP-1144,Integrated Crop Solution Bangladesh,Tea,Deep rooted perennial weeds,3.70 Litre
HERBICIDE,Glyphosate,Cleanup 41% SL,AP-1145,Clean Agro,Tea,Broad leaf,3.70 Litre
HERBICIDE,Glyphosate,Cleanup 41% SL,AP-1145,Clean Agro,Tea,Deep rooted perennial weeds,3.70 Litre
HERBICIDE,Glyphosate,Sinophosate 41% SL,AP-1229,Aranya Crop Care Limited,Tea,Broad leaf,3.70 Litre
HERBICIDE,Glyphosate,Sinophosate 41% SL,AP-1229,Aranya Crop Care Limited,Tea,Deep rooted perennial weeds,3.70 Litre
HERBICIDE,Glyphosate,Klinweed 41% SL,AP-1230,Crop Protection & Care Centre,Tea,Broad leaf,3.70 Litre
HERBICIDE,Glyphosate,Klinweed 41% SL,AP-1230,Crop Protection & Care Centre,Tea,Deep rooted perennial weeds,3.70 Litre
HERBICIDE,Glyphosate,D-Sate 41% SL,AP-1231,D M International,Tea,Broad leaf,3.70 Litre
HERBICIDE,Glyphosate,D-Sate 41% SL,AP-1231,D M International,Tea,Deep rooted perennial weeds,3.70 Litre
HERBICIDE,Glyphosate,E-Phosate 41% SL,AP-1232,Eon Agro Industries Limited,Tea,Broad leaf,3.70 Litre
HERBICIDE,Glyphosate,E-Phosate 41% SL,AP-1232,Eon Agro Industries Limited,Tea,Deep rooted perennial weeds,3.70 Litre
HERBICIDE,Glyphosate,Glysate 41% SL,AP-1235,Sweet Agrovet Limited,Tea,Broad leaf,3.70 Litre
HERBICIDE,Glyphosate,Glysate 41% SL,AP-1235,Sweet Agrovet Limited,Tea,Deep rooted perennial weeds,3.70 Litre
HERBICIDE,Glyphosate,Glyphoking 41% SL,AP-1236,Assign Crop Care Limited,Tea,Broad leaf,3.70 Litre
HERBICIDE,Glyphosate,Glyphoking 41% SL,AP-1236,Assign Crop Care Limited,Tea,Deep rooted perennial weeds,3.70 Litre
HERBICIDE,Glyphosate,Sunphosate 41% SL,AP-1237,Sun Seed Pesticides,Tea,Broad leaf,3.70 Litre
HERBICIDE,Glyphosate,Sunphosate 41% SL,AP-1237,Sun Seed Pesticides,Tea,Deep rooted perennial weeds,3.70 Litre
HERBICIDE,Glyphosate,S-Sate 41% SL,AP-1238,S I Agro International,Tea,Broad leaf,3.70 Litre
HERBICIDE,Glyphosate,S-Sate 41% SL,AP-1238,S I Agro International,Tea,Deep rooted perennial weeds,3.70 Litre
HERBICIDE,Glyphosate,A-Sate 41% SL,AP-1239,Agrivision Bangladesh,Tea,Broad leaf,3.70 Litre
HERBICIDE,Glyphosate,A-Sate 41% SL,AP-1239,Agrivision Bangladesh,Tea,Deep rooted perennial weeds,3.70 Litre
HERBICIDE,Glyphosate,Siamphosate 41% SL,AP-1240,Siam Crop Care,Tea,Broad leaf,3.70 Litre
HERBICIDE,Glyphosate,Siamphosate 41% SL,AP-1240,Siam Crop Care,Tea,Deep rooted perennial weeds,3.70 Litre
HERBICIDE,Glyphosate,S-Glyphosate 41% SL,AP-1241,Surovi Agro Industries Limited,Tea,Broad leaf,3.70 Litre
HERBICIDE,Glyphosate,S-Glyphosate 41% SL,AP-1241,Surovi Agro Industries Limited,Tea,Deep rooted perennial weeds,3.70 Litre
HERBICIDE,Glyphosate,Agronil 41% SL,AP-1242,Agro Continent Bangladesh,Tea,Broad leaf,3.70 Litre
HERBICIDE,Glyphosate,Agronil 41% SL,AP-1242,Agro Continent Bangladesh,Tea,Deep rooted perennial weeds,3.70 Litre
HERBICIDE,Glyphosate,Weed Care 41% SL,AP-1346,Care Agrotech,Tea,Broad leaf,3.70 Litre
HERBICIDE,Glyphosate,Weed Care 41% SL,AP-1346,Care Agrotech,Tea,Deep rooted perennial weeds,3.70 Litre
HERBICIDE,Glyphosate,Amphosate 41% SL,AP-1390,Amco Agricultural Industries,Tea,Broad leaf,3.70 Litre
HERBICIDE,Glyphosate,Amphosate 41% SL,AP-1390,Amco Agricultural Industries,Tea,Deep rooted perennial weeds,3.70 Litre
HERBICIDE,Glyphosate,Weedmax 41% SL,AP-1391,Rico Agrovet,Tea,Broad leaf,3.70 Litre
HERBICIDE,Glyphosate,Weedmax 41% SL,AP-1391,Rico Agrovet,Tea,Deep rooted perennial weeds,3.70 Litre
HERBICIDE,Glyphosate,Top Up 41% SL,AP-1392,Mary Gold Agro Science,Tea,Broad leaf,3.70 Litre
HERBICIDE,Glyphosate,Top Up 41% SL,AP-1392,Mary Gold Agro Science,Tea,Deep rooted perennial weeds,3.70 Litre
HERBICIDE,Glyphosate,K-Phosate 41% SL,AP-1603,Krishan Agro Chemicals,Tea,Broad leaf,3.70 Litre
HERBICIDE,Glyphosate,K-Phosate 41% SL,AP-1603,Krishan Agro Chemicals,Tea,Deep rooted perennial weeds,3.70 Litre
HERBICIDE,Glyphosate,Rastup 41% SL,AP-1604,Aartessa Trading,Tea,Broad leaf,3.70 Litre
HERBICIDE,Glyphosate,Rastup 41% SL,AP-1604,Aartessa Trading,Tea,Deep rooted perennial weeds,3.70 Litre
HERBICIDE,Glyphosate,K-Weed 41% SL,AP-1605,Kishan Agro Products,Tea,Broad leaf,3.70 Litre
HERBICIDE,Glyphosate,K-Weed 41% SL,AP-1605,Kishan Agro Products,Tea,Deep rooted perennial weeds,3.70 Litre
HERBICIDE,Glyphosate,Glysate 41% SL,AP-1606,Smart Agrovet,Tea,Broad leaf,3.70 Litre
HERBICIDE,Glyphosate,Glysate 41% SL,AP-1606,Smart Agrovet,Tea,Deep rooted perennial weeds,3.70 Litre
HERBICIDE,Glyphosate,F-Phosate 41% SL,AP-1607,Farm Chem International Ltd,Tea,Broad leaf,3.70 Litre
HERBICIDE,Glyphosate,F-Phosate 41% SL,AP-1607,Farm Chem International Ltd,Tea,Deep rooted perennial weeds,3.70 Litre
HERBICIDE,Glyphosate,Agrosate 41% SL,AP-1608,Agro System Limited,Tea,Broad leaf,3.70 Litre
HERBICIDE,Glyphosate,Agrosate 41% SL,AP-1608,Agro System Limited,Tea,Deep rooted perennial weeds,3.70 Litre
HERBICIDE,Glyphosate,M-Phosate 41% SL,AP-1609,Mahir Agro Care,Tea,Broad leaf,3.70 Litre
HERBICIDE,Glyphosate,M-Phosate 41% SL,AP-1609,Mahir Agro Care,Tea,Deep rooted perennial weeds,3.70 Litre
HERBICIDE,Glyphosate,Sinweed 41% SL,AP-1610,Supreme Seed Company Limited,Tea,Broad leaf,3.70 Litre
HERBICIDE,Glyphosate,Sinweed 41% SL,AP-1610,Supreme Seed Company Limited,Tea,Deep rooted perennial weeds,3.70 Litre
HERBICIDE,Glyphosate,Glifas 41% SL,AP-1634,Intefa,Tea,Broad leaf,3.70 Litre
HERBICIDE,Glyphosate,Glifas 41% SL,AP-1634,Intefa,Tea,Deep rooted perennial weeds,3.70 Litre
HERBICIDE,Glyphosate,Clean All 41% SL,AP-1635,West Agro Chemicals,Tea,Broad leaf,3.70 Litre
HERBICIDE,Glyphosate,Clean All 41% SL,AP-1635,West Agro Chemicals,Tea,Deep rooted perennial weeds,3.70 Litre
HERBICIDE,Glyphosate,R-Sate 41% SL,AP-1636,Rahman Pesticides & Chemicals Co.,Tea,Broad leaf,3.70 Litre
HERBICIDE,Glyphosate,R-Sate 41% SL,AP-1636,Rahman Pesticides & Chemicals Co.,Tea,Deep rooted perennial weeds,3.70 Litre
HERBICIDE,Glyphosate,G-Force 41% SL,AP-1637,Golden Agro Chemicals,Tea,Broad leaf,3.70 Litre
HERBICIDE,Glyphosate,G-Force 41% SL,AP-1637,Golden Agro Chemicals,Tea,Deep rooted perennial weeds,3.70 Litre
HERBICIDE,Glyphosate,Greenphosate 41% SL,AP-1638,Green Bangla Agrovet Limited,Tea,Broad leaf,3.70 Litre
HERBICIDE,Glyphosate,Greenphosate 41% SL,AP-1638,Green Bangla Agrovet Limited,Tea,Deep rooted perennial weeds,3.70 Litre
HERBICIDE,Glyphosate,Agriphosate 41% SL,AP-1639,Agri Business & Advisory Service,Tea,Broad leaf,3.70 Litre
HERBICIDE,Glyphosate,Agriphosate 41% SL,AP-1639,Agri Business & Advisory Service,Tea,Deep rooted perennial weeds,3.70 Litre
HERBICIDE,Glyphosate,Weed Care 41% SL,AP-1640,Classic Agrovet Limited,Tea,Broad leaf,3.70 Litre
HERBICIDE,Glyphosate,Weed Care 41% SL,AP-1640,Classic Agrovet Limited,Tea,Deep rooted perennial weeds,3.70 Litre
HERBICIDE,Glyphosate,K-Sate 41% SL,AP-1641,Kohinoor Agro Chemical,Tea,Broad leaf,3.70 Litre
HERBICIDE,Glyphosate,K-Sate 41% SL,AP-1641,Kohinoor Agro Chemical,Tea,Deep rooted perennial weeds,3.70 Litre
HERBICIDE,Glyphosate,L-Sate 41% SL,AP-1642,Lorota International,Tea,Broad leaf,3.70 Litre
HERBICIDE,Glyphosate,L-Sate 41% SL,AP-1642,Lorota International,Tea,Deep rooted perennial weeds,3.70 Litre
HERBICIDE,Glyphosate,F-Sate 41% SL,AP-1643,FCI Agro Limited,Tea,Broad leaf,3.70 Litre
HERBICIDE,Glyphosate,F-Sate 41% SL,AP-1643,FCI Agro Limited,Tea,Deep rooted perennial weeds,3.70 Litre
HERBICIDE,Glyphosate,Glysate 41% SL,AP-1644,Sundarban Agro Products,Tea,Broad leaf,3.70 Litre
HERBICIDE,Glyphosate,Glysate 41% SL,AP-1644,Sundarban Agro Products,Tea,Deep rooted perennial weeds,3.70 Litre
HERBICIDE,Glyphosate,S-Phosate 41% SL,AP-1645,Sadik Agrochemicals Co.,Tea,Broad leaf,3.70 Litre
HERBICIDE,Glyphosate,S-Phosate 41% SL,AP-1645,Sadik Agrochemicals Co.,Tea,Deep rooted perennial weeds,3.70 Litre
HERBICIDE,Glyphosate,Sino Safe 41% SL,AP-1646,Assent International,Tea,Broad leaf,3.70 Litre
HERBICIDE,Glyphosate,Sino Safe 41% SL,AP-1646,Assent International,Tea,Deep rooted perennial weeds,3.70 Litre
HERBICIDE,Glyphosate,Alisate 41% SL,AP-1647,Al-Kader International,Tea,Broad leaf,3.70 Litre
HERBICIDE,Glyphosate,Alisate 41% SL,AP-1647,Al-Kader International,Tea,Deep rooted perennial weeds,3.70 Litre
HERBICIDE,Glyphosate,O-Phosate 41% SL,AP-1648,Orbit Agro Industries,Tea,Broad leaf,3.70 Litre
HERBICIDE,Glyphosate,O-Phosate 41% SL,AP-1648,Orbit Agro Industries,Tea,Deep rooted perennial weeds,3.70 Litre
HERBICIDE,Glyphosate,Sunphosate 41% SL,AP-1649,Sun Corporation,Tea,Broad leaf,3.70 Litre
HERBICIDE,Glyphosate,Sunphosate 41% SL,AP-1649,Sun Corporation,Tea,Deep rooted perennial weeds,3.70 Litre
HERBICIDE,Glyphosate,M-Phosate 41% SL,AP-1650,Mou International,Tea,Broad leaf,3.70 Litre
HERBICIDE,Glyphosate,M-Phosate 41% SL,AP-1650,Mou International,Tea,Deep rooted perennial weeds,3.70 Litre
HERBICIDE,Glyphosate,Clean Star 41% SL,AP-1651,Unicrop Protection Limited,Tea,Broad leaf,3.70 Litre
HERBICIDE,Glyphosate,Clean Star 41% SL,AP-1651,Unicrop Protection Limited,Tea,Deep rooted perennial weeds,3.70 Litre
HERBICIDE,Glyphosate,Glysate 41% SL,AP-1652,Marstrade International Culture,Tea,Broad leaf,3.70 Litre
HERBICIDE,Glyphosate,Glysate 41% SL,AP-1652,Marstrade International Culture,Tea,Deep rooted perennial weeds,3.70 Litre
HERBICIDE,Glyphosate,Phosate 41% SL,AP-1653,Pace Agro International,Tea,Broad leaf,3.70 Litre
HERBICIDE,Glyphosate,Phosate 41% SL,AP-1653,Pace Agro International,Tea,Deep rooted perennial weeds,3.70 Litre
HERBICIDE,Glyphosate,M-Phosate 41% SL,AP-1654,M S Agro Chemicals Company Ltd,Tea,Broad leaf,3.70 Litre
HERBICIDE,Glyphosate,M-Phosate 41% SL,AP-1654,M S Agro Chemicals Company Ltd,Tea,Deep rooted perennial weeds,3.70 Litre
HERBICIDE,Glyphosate,C-Sate 41% SL,AP-1655,Cosmic Agro Care,Tea,Broad leaf,3.70 Litre
HERBICIDE,Glyphosate,C-Sate 41% SL,AP-1655,Cosmic Agro Care,Tea,Deep rooted perennial weeds,3.70 Litre
HERBICIDE,Glyphosate,N-Phosate 41% SL,AP-1656,Nafis Crop Care,Tea,Broad leaf,3.70 Litre
HERBICIDE,Glyphosate,N-Phosate 41% SL,AP-1656,Nafis Crop Care,Tea,Deep rooted perennial weeds,3.70 Litre
HERBICIDE,Glyphosate,S-Phosate 41% SL,AP-1657,Spectrum Engineering Consortium Ltd,Tea,Broad leaf,3.70 Litre
HERBICIDE,Glyphosate,S-Phosate 41% SL,AP-1657,Spectrum Engineering Consortium Ltd,Tea,Deep rooted perennial weeds,3.70 Litre
HERBICIDE,Glyphosate,A-Sate 41% SL,AP-1658,Alpha Agro Limited,Tea,Broad leaf,3.70 Litre
HERBICIDE,Glyphosate,A-Sate 41% SL,AP-1658,Alpha Agro Limited,Tea,Deep rooted perennial weeds,3.70 Litre
HERBICIDE,Glyphosate,G-Phosate 41% SL,AP-1659,Green Care Bangladesh,Tea,Broad leaf,3.70 Litre
HERBICIDE,Glyphosate,G-Phosate 41% SL,AP-1659,Green Care Bangladesh,Tea,Deep rooted perennial weeds,3.70 Litre
HERBICIDE,Glyphosate,A-Phosate 41% SL,AP-1660,A N Corporation,Tea,Broad leaf,3.70 Litre
HERBICIDE,Glyphosate,A-Phosate 41% SL,AP-1660,A N Corporation,Tea,Deep rooted perennial weeds,3.70 Litre
HERBICIDE,Glyphosate,E-Phosate 41% SL,AP-1661,Euro Bangla Agricultural Limited,Tea,Broad leaf,3.70 Litre
HERBICIDE,Glyphosate,E-Phosate 41% SL,AP-1661,Euro Bangla Agricultural Limited,Tea,Deep rooted perennial weeds,3.70 Litre
HERBICIDE,Glyphosate,R-Phosate 41% SL,AP-1662,R K Agro Products Limited,Tea,Broad leaf,3.70 Litre
HERBICIDE,Glyphosate,R-Phosate 41% SL,AP-1662,R K Agro Products Limited,Tea,Deep rooted perennial weeds,3.70 Litre
HERBICIDE,Glyphosate,Delta Phosate 41% SL,AP-1663,Delta Agro Chemicals,Tea,Broad leaf,3.70 Litre
HERBICIDE,Glyphosate,Delta Phosate 41% SL,AP-1663,Delta Agro Chemicals,Tea,Deep rooted perennial weeds,3.70 Litre
HERBICIDE,Glyphosate,F-Phosate 41% SL,AP-1664,Firoz Enterprise,Tea,Broad leaf,3.70 Litre
HERBICIDE,Glyphosate,F-Phosate 41% SL,AP-1664,Firoz Enterprise,Tea,Deep rooted perennial weeds,3.70 Litre
HERBICIDE,Glyphosate,H-Sate 41% SL,AP-1665,Hazi Abdul Hakim Sawdagor,Tea,Broad leaf,3.70 Litre
HERBICIDE,Glyphosate,H-Sate 41% SL,AP-1665,Hazi Abdul Hakim Sawdagor,Tea,Deep rooted perennial weeds,3.70 Litre
HERBICIDE,Glyphosate,U-Phosate 41% SL,AP-1666,Unifarma (Bangladesh) Industries,Tea,Broad leaf,3.70 Litre
HERBICIDE,Glyphosate,U-Phosate 41% SL,AP-1666,Unifarma (Bangladesh) Industries,Tea,Deep rooted perennial weeds,3.70 Litre
HERBICIDE,Glyphosate,T-Sate 41% SL,AP-1667,Tajarat Agro Industries Limited,Tea,Broad leaf,3.70 Litre
HERBICIDE,Glyphosate,T-Sate 41% SL,AP-1667,Tajarat Agro Industries Limited,Tea,Deep rooted perennial weeds,3.70 Litre
HERBICIDE,Glyphosate,R-Sate 41% SL,AP-1668,Rajib Agro Chemicals Limited,Tea,Broad leaf,3.70 Litre
HERBICIDE,Glyphosate,R-Sate 41% SL,AP-1668,Rajib Agro Chemicals Limited,Tea,Deep rooted perennial weeds,3.70 Litre
HERBICIDE,Glyphosate,N-Sate 41% SL,AP-1669,Nahar Agrovet Limited,Tea,Broad leaf,3.70 Litre
HERBICIDE,Glyphosate,N-Sate 41% SL,AP-1669,Nahar Agrovet Limited,Tea,Deep rooted perennial weeds,3.70 Litre
HERBICIDE,Glyphosate,K-Phosate 41% SL,AP-1670,Kazi Agro Chemicals,Tea,Broad leaf,3.70 Litre
HERBICIDE,Glyphosate,K-Phosate 41% SL,AP-1670,Kazi Agro Chemicals,Tea,Deep rooted perennial weeds,3.70 Litre
HERBICIDE,Glyphosate,C-Phosate 41% SL,AP-1671,Clean Care Crop Science,Tea,Broad leaf,3.70 Litre
HERBICIDE,Glyphosate,C-Phosate 41% SL,AP-1671,Clean Care Crop Science,Tea,Deep rooted perennial weeds,3.70 Litre
HERBICIDE,Glyphosate,H-Phosate 41% SL,AP-1672,Halim Enterprise,Tea,Broad leaf,3.70 Litre
HERBICIDE,Glyphosate,H-Phosate 41% SL,AP-1672,Halim Enterprise,Tea,Deep rooted perennial weeds,3.70 Litre
HERBICIDE,Glyphosate,M-Phosate 41% SL,AP-1673,Mabco Bangladesh,Tea,Broad leaf,3.70 Litre
HERBICIDE,Glyphosate,M-Phosate 41% SL,AP-1673,Mabco Bangladesh,Tea,Deep rooted perennial weeds,3.70 Litre
HERBICIDE,Glyphosate,B-Sate 41% SL,AP-1674,Biotech Agrovet,Tea,Broad leaf,3.70 Litre
HERBICIDE,Glyphosate,B-Sate 41% SL,AP-1674,Biotech Agrovet,Tea,Deep rooted perennial weeds,3.70 Litre
HERBICIDE,Glyphosate,Green Clear 41% SL,AP-1905,Green View Bangladesh,Tea,Broad leaf,3.70 Litre
HERBICIDE,Glyphosate,Green Clear 41% SL,AP-1905,Green View Bangladesh,Tea,Deep rooted perennial weeds,3.70 Litre
HERBICIDE,Glyphosate,Clean Weed 41% SL,AP-1906,Prestige Agro Dragon,Tea,Broad leaf,3.70 Litre
HERBICIDE,Glyphosate,Clean Weed 41% SL,AP-1906,Prestige Agro Dragon,Tea,Deep rooted perennial weeds,3.70 Litre
HERBICIDE,Glyphosate,G-Phosate 41% SL,AP-1907,Gram Bangla Agrovet,Tea,Broad leaf,3.70 Litre
HERBICIDE,Glyphosate,G-Phosate 41% SL,AP-1907,Gram Bangla Agrovet,Tea,Deep rooted perennial weeds,3.70 Litre
HERBICIDE,Glyphosate,D-Sate 41% SL,AP-1908,Desh Agro Service,Tea,Broad leaf,3.70 Litre
HERBICIDE,Glyphosate,D-Sate 41% SL,AP-1908,Desh Agro Service,Tea,Deep rooted perennial weeds,3.70 Litre
HERBICIDE,Glyphosate,Weed Care 41% SL,AP-1909,Prestige Agro Dragon,Tea,Broad leaf,3.70 Litre
HERBICIDE,Glyphosate,Weed Care 41% SL,AP-1909,Prestige Agro Dragon,Tea,Deep rooted perennial weeds,3.70 Litre
HERBICIDE,Glyphosate,L-Sate 41% SL,AP-1919,Larsen Chemical Industries (Pvt) Ltd,Tea,Broad leaf,3.70 Litre
HERBICIDE,Glyphosate,L-Sate 41% SL,AP-1919,Larsen Chemical Industries (Pvt) Ltd,Tea,Deep rooted perennial weeds,3.70 Litre
HERBICIDE,Glyphosate,Phosato 41% SL,AP-1921,Partex Agro Limited,Tea,Broad leaf,3.70 Litre
HERBICIDE,Glyphosate,Phosato 41% SL,AP-1921,Partex Agro Limited,Tea,Deep rooted perennial weeds,3.70 Litre
HERBICIDE,Glyphosate,Safesate 41% SL,AP-1924,Safi Agro,Tea,Broad leaf,3.70 Litre
HERBICIDE,Glyphosate,Safesate 41% SL,AP-1924,Safi Agro,Tea,Deep rooted perennial weeds,3.70 Litre
HERBICIDE,Glyphosate,Agrosate 41% SL,AP-1968,Agro Business Support Limited,Tea,Broad leaf,3.70 Litre
HERBICIDE,Glyphosate,Agrosate 41% SL,AP-1968,Agro Business Support Limited,Tea,Deep rooted perennial weeds,3.70 Litre
HERBICIDE,Glyphosate,D-Sate 41% SL,AP-2274,Delta Agro Chemicals,Tea,Broad leaf,3.70 Litre
HERBICIDE,Glyphosate,D-Sate 41% SL,AP-2274,Delta Agro Chemicals,Tea,Deep rooted perennial weeds,3.70 Litre
HERBICIDE,Glyphosate,S-Phosate 41% SL,AP-2275,Siam Crop Care,Tea,Broad leaf,3.70 Litre
HERBICIDE,Glyphosate,S-Phosate 41% SL,AP-2275,Siam Crop Care,Tea,Deep rooted perennial weeds,3.70 Litre
HERBICIDE,Glyphosate,S-Weed 41% SL,AP-2276,Siraj Agro International,Tea,Broad leaf,3.70 Litre
HERBICIDE,Glyphosate,S-Weed 41% SL,AP-2276,Siraj Agro International,Tea,Deep rooted perennial weeds,3.70 Litre
HERBICIDE,Glyphosate,B-Sate 41% SL,AP-2277,Balak Enterprise,Tea,Broad leaf,3.70 Litre
HERBICIDE,Glyphosate,B-Sate 41% SL,AP-2277,Balak Enterprise,Tea,Deep rooted perennial weeds,3.70 Litre
HERBICIDE,Glyphosate,M-Phosate 41% SL,AP-2278,Maitri Agro Industries,Tea,Broad leaf,3.70 Litre
HERBICIDE,Glyphosate,M-Phosate 41% SL,AP-2278,Maitri Agro Industries,Tea,Deep rooted perennial weeds,3.70 Litre
HERBICIDE,Glyphosate,S-Sate 41% SL,AP-2279,Swazis International,Tea,Broad leaf,3.70 Litre
HERBICIDE,Glyphosate,S-Sate 41% SL,AP-2279,Swazis International,Tea,Deep rooted perennial weeds,3.70 Litre
HERBICIDE,Glyphosate,V-Phosate 41% SL,AP-2280,Valent Tech Limited,Tea,Broad leaf,3.70 Litre
HERBICIDE,Glyphosate,V-Phosate 41% SL,AP-2280,Valent Tech Limited,Tea,Deep rooted perennial weeds,3.70 Litre
HERBICIDE,Glyphosate,K-Phosate 41% SL,AP-2281,Keen Care Crop Science,Tea,Broad leaf,3.70 Litre
HERBICIDE,Glyphosate,K-Phosate 41% SL,AP-2281,Keen Care Crop Science,Tea,Deep rooted perennial weeds,3.70 Litre
HERBICIDE,Glyphosate,M-Phosate 41% SL,AP-2282,Mamun Agro Products Limited,Tea,Broad leaf,3.70 Litre
HERBICIDE,Glyphosate,M-Phosate 41% SL,AP-2282,Mamun Agro Products Limited,Tea,Deep rooted perennial weeds,3.70 Litre
HERBICIDE,Glyphosate,A-Sate 41% SL,AP-2283,Apex Agro Industries Limited,Tea,Broad leaf,3.70 Litre
HERBICIDE,Glyphosate,A-Sate 41% SL,AP-2283,Apex Agro Industries Limited,Tea,Deep rooted perennial weeds,3.70 Litre
HERBICIDE,Glyphosate,B-Phosate 41% SL,AP-2284,Bangladesh Agro Science,Tea,Broad leaf,3.70 Litre
HERBICIDE,Glyphosate,B-Phosate 41% SL,AP-2284,Bangladesh Agro Science,Tea,Deep rooted perennial weeds,3.70 Litre
HERBICIDE,Glyphosate,C-Phosate 41% SL,AP-2285,Cobra Land Care,Tea,Broad leaf,3.70 Litre
HERBICIDE,Glyphosate,C-Phosate 41% SL,AP-2285,Cobra Land Care,Tea,Deep rooted perennial weeds,3.70 Litre
HERBICIDE,Glyphosate,H-Sate 41% SL,AP-2286,Heritage Agro Care,Tea,Broad leaf,3.70 Litre
HERBICIDE,Glyphosate,H-Sate 41% SL,AP-2286,Heritage Agro Care,Tea,Deep rooted perennial weeds,3.70 Litre
HERBICIDE,Glyphosate,P-Sate 41% SL,AP-2287,Prime Crop Care Limited,Tea,Broad leaf,3.70 Litre
HERBICIDE,Glyphosate,P-Sate 41% SL,AP-2287,Prime Crop Care Limited,Tea,Deep rooted perennial weeds,3.70 Litre
HERBICIDE,Glyphosate,A-Sate 41% SL,AP-2288,Agro Arena Associates,Tea,Broad leaf,3.70 Litre
HERBICIDE,Glyphosate,A-Sate 41% SL,AP-2288,Agro Arena Associates,Tea,Deep rooted perennial weeds,3.70 Litre
HERBICIDE,Glyphosate,F-Phosate 41% SL,AP-2289,Fasal Agrovet Limited,Tea,Broad leaf,3.70 Litre
HERBICIDE,Glyphosate,F-Phosate 41% SL,AP-2289,Fasal Agrovet Limited,Tea,Deep rooted perennial weeds,3.70 Litre
HERBICIDE,Glyphosate,J-Sate 41% SL,AP-2290,Joary Agro,Tea,Broad leaf,3.70 Litre
HERBICIDE,Glyphosate,J-Sate 41% SL,AP-2290,Joary Agro,Tea,Deep rooted perennial weeds,3.70 Litre
HERBICIDE,Glyphosate,G-Phosate 41% SL,AP-2291,Gulf Fertilizer & Chemicals Limited,Tea,Broad leaf,3.70 Litre
HERBICIDE,Glyphosate,G-Phosate 41% SL,AP-2291,Gulf Fertilizer & Chemicals Limited,Tea,Deep rooted perennial weeds,3.70 Litre
HERBICIDE,Glyphosate,A-Sate 41% SL,AP-2292,Advanced Agricultural Solution Ltd,Tea,Broad leaf,3.70 Litre
HERBICIDE,Glyphosate,A-Sate 41% SL,AP-2292,Advanced Agricultural Solution Ltd,Tea,Deep rooted perennial weeds,3.70 Litre
HERBICIDE,Glyphosate,T-Phosate 41% SL,AP-2293,T H Pesticides,Tea,Broad leaf,3.70 Litre
HERBICIDE,Glyphosate,T-Phosate 41% SL,AP-2293,T H Pesticides,Tea,Deep rooted perennial weeds,3.70 Litre
HERBICIDE,Glyphosate,G-Sate 41% SL,AP-2294,Green Farm Agro,Tea,Broad leaf,3.70 Litre
HERBICIDE,Glyphosate,G-Sate 41% SL,AP-2294,Green Farm Agro,Tea,Deep rooted perennial weeds,3.70 Litre
HERBICIDE,Glyphosate,N-Sate 41% SL,AP-2295,National Green Enterprise,Tea,Broad leaf,3.70 Litre
HERBICIDE,Glyphosate,N-Sate 41% SL,AP-2295,National Green Enterprise,Tea,Deep rooted perennial weeds,3.70 Litre
HERBICIDE,Glyphosate,F-Phosate 41% SL,AP-2296,FMC Bangladesh Private Limited,Tea,Broad leaf,3.70 Litre
HERBICIDE,Glyphosate,F-Phosate 41% SL,AP-2296,FMC Bangladesh Private Limited,Tea,Deep rooted perennial weeds,3.70 Litre
HERBICIDE,Glyphosate,R-Sate 41% SL,AP-2297,Raina Associates,Tea,Broad leaf,3.70 Litre
HERBICIDE,Glyphosate,R-Sate 41% SL,AP-2297,Raina Associates,Tea,Deep rooted perennial weeds,3.70 Litre
HERBICIDE,Glyphosate,G-Phosate 41% SL,AP-2298,Gurpukur Corporation,Tea,Broad leaf,3.70 Litre
HERBICIDE,Glyphosate,G-Phosate 41% SL,AP-2298,Gurpukur Corporation,Tea,Deep rooted perennial weeds,3.70 Litre
HERBICIDE,Glyphosate,P-Sate 41% SL,AP-2299,Pioneer Agro International,Tea,Broad leaf,3.70 Litre
HERBICIDE,Glyphosate,P-Sate 41% SL,AP-2299,Pioneer Agro International,Tea,Deep rooted perennial weeds,3.70 Litre
HERBICIDE,Glyphosate,S-Sate 41% SL,AP-2300,Sreejoni Agro Chemicals,Tea,Broad leaf,3.70 Litre
HERBICIDE,Glyphosate,S-Sate 41% SL,AP-2300,Sreejoni Agro Chemicals,Tea,Deep rooted perennial weeds,3.70 Litre
HERBICIDE,Glyphosate,G-Sate 41% SL,AP-2301,Grow More Agro Science,Tea,Broad leaf,3.70 Litre
HERBICIDE,Glyphosate,G-Sate 41% SL,AP-2301,Grow More Agro Science,Tea,Deep rooted perennial weeds,3.70 Litre
HERBICIDE,Glyphosate,L-Sate 41% SL,AP-2787,Lily Traders,Tea,Broad leaf,3.70 Litre
HERBICIDE,Glyphosate,L-Sate 41% SL,AP-2787,Lily Traders,Tea,Deep rooted perennial weeds,3.70 Litre
HERBICIDE,Glyphosate,H-Phosate 41% SL,AP-2788,H P Distributor,Tea,Broad leaf,3.70 Litre
HERBICIDE,Glyphosate,H-Phosate 41% SL,AP-2788,H P Distributor,Tea,Deep rooted perennial weeds,3.70 Litre
HERBICIDE,Glyphosate,G-Sate 41% SL,AP-2791,Great Agro Care,Tea,Broad leaf,3.70 Litre
HERBICIDE,Glyphosate,G-Sate 41% SL,AP-2791,Great Agro Care,Tea,Deep rooted perennial weeds,3.70 Litre
HERBICIDE,Glyphosate,G-Sate 41% SL,AP-3112,General Agro Chemicals Limited,Tea,Broad leaf,3.70 Litre
HERBICIDE,Glyphosate,G-Sate 41% SL,AP-3112,General Agro Chemicals Limited,Tea,Deep rooted perennial weeds,3.70 Litre
HERBICIDE,Glyphosate,F-Sate 41% SL,AP-3113,Focus Agrovet,Tea,Broad leaf,3.70 Litre
HERBICIDE,Glyphosate,F-Sate 41% SL,AP-3113,Focus Agrovet,Tea,Deep rooted perennial weeds,3.70 Litre
HERBICIDE,Glyphosate,L-Sate 41% SL,AP-3114,L-Sate 41% SL,Tea,Broad leaf,3.70 Litre
HERBICIDE,Glyphosate,L-Sate 41% SL,AP-3114,L-Sate 41% SL,Tea,Deep rooted perennial weeds,3.70 Litre
HERBICIDE,Glyphosate,S-Phosate 41% SL,AP-3115,Shamuk Agro Care,Tea,Broad leaf,3.70 Litre
HERBICIDE,Glyphosate,S-Phosate 41% SL,AP-3115,Shamuk Agro Care,Tea,Deep rooted perennial weeds,3.70 Litre
HERBICIDE,Glyphosate,M-Sate 41% SL,AP-3116,Meem Corporation,Tea,Broad leaf,3.70 Litre
HERBICIDE,Glyphosate,M-Sate 41% SL,AP-3116,Meem Corporation,Tea,Deep rooted perennial weeds,3.70 Litre
HERBICIDE,Glyphosate,R-Phosate 41% SL,AP-3117,Rico Crop Care,Tea,Broad leaf,3.70 Litre
HERBICIDE,Glyphosate,R-Phosate 41% SL,AP-3117,Rico Crop Care,Tea,Deep rooted perennial weeds,3.70 Litre
HERBICIDE,Glyphosate,P-Sate 41% SL,AP-3118,Parag Agro Science,Tea,Broad leaf,3.70 Litre
HERBICIDE,Glyphosate,P-Sate 41% SL,AP-3118,Parag Agro Science,Tea,Deep rooted perennial weeds,3.70 Litre
HERBICIDE,Glyphosate,A-Phosate 41% SL,AP-3119,Agro Care Corporation,Tea,Broad leaf,3.70 Litre
HERBICIDE,Glyphosate,A-Phosate 41% SL,AP-3119,Agro Care Corporation,Tea,Deep rooted perennial weeds,3.70 Litre
HERBICIDE,Glyphosate,M-Phosate 41% SL,AP-3120,M M Corporation,Tea,Broad leaf,3.70 Litre
HERBICIDE,Glyphosate,M-Phosate 41% SL,AP-3120,M M Corporation,Tea,Deep rooted perennial weeds,3.70 Litre
HERBICIDE,Glyphosate,R-Phosate 41% SL,AP-3150,Radish Crop Care,Tea,Broad leaf,3.70 Litre
HERBICIDE,Glyphosate,R-Phosate 41% SL,AP-3150,Radish Crop Care,Tea,Deep rooted perennial weeds,3.70 Litre
HERBICIDE,Glyphosate,S-Phosate 41% SL,AP-3221,Shahjalal Agro Industries,Tea,Broad leaf,3.70 Litre
HERBICIDE,Glyphosate,S-Phosate 41% SL,AP-3221,Shahjalal Agro Industries,Tea,Deep rooted perennial weeds,3.70 Litre
HERBICIDE,Glyphosate,C-Phosate 41% SL,AP-3222,The Chemicals,Tea,Broad leaf,3.70 Litre
HERBICIDE,Glyphosate,C-Phosate 41% SL,AP-3222,The Chemicals,Tea,Deep rooted perennial weeds,3.70 Litre
HERBICIDE,Glyphosate,G-Sate 41% SL,AP-3223,Green Field Agro Science,Tea,Broad leaf,3.70 Litre
HERBICIDE,Glyphosate,G-Sate 41% SL,AP-3223,Green Field Agro Science,Tea,Deep rooted perennial weeds,3.70 Litre
HERBICIDE,Glyphosate,C-Phosate 41% SL,AP-3224,Cobra Agro Chemical Industries,Tea,Broad leaf,3.70 Litre
HERBICIDE,Glyphosate,C-Phosate 41% SL,AP-3224,Cobra Agro Chemical Industries,Tea,Deep rooted perennial weeds,3.70 Litre
HERBICIDE,Glyphosate,D-Sate 41% SL,AP-3225,Delco Agro Industries,Tea,Broad leaf,3.70 Litre
HERBICIDE,Glyphosate,D-Sate 41% SL,AP-3225,Delco Agro Industries,Tea,Deep rooted perennial weeds,3.70 Litre
HERBICIDE,MCPA,Weedar 64,AP-179,Chemolimpex Agro Limited,Rice,Broad leaf & Sedges,1.50 Litre
HERBICIDE,MCPA,Weedar 64,AP-179,Chemolimpex Agro Limited,Tea,Broad leaf & Sedges,1.50 Litre
HERBICIDE,MCPA,Weedar 64,AP-179,Chemolimpex Agro Limited,Wheat,Broad leaf & Sedges,1.50 Litre
HERBICIDE,MCPA,Weedone 48 EC,AP-244,Sinochem Bangladesh (Pvt) Limited,Tea,Annual grasses & Broad leaf weeds,1.5-2.0 Litre
HERBICIDE,MCPA,Weedone 48 EC,AP-244,Sinochem Bangladesh (Pvt) Limited,Sugarcane,Annual grasses & Broad leaf weeds,1.5-2.0 Litre
HERBICIDE,MCPA,Weedone 48 EC,AP-244,Sinochem Bangladesh (Pvt) Limited,Rice,Broad leaf weed & Sedges,1.5-2.0 Litre
HERBICIDE,MCPA,U-46-D-Fluid,AP-274,BASF Bangladesh Limited,Rice,Broad leaf weed & Sedges,1.50 Litre
HERBICIDE,MCPA,U-46-D-Fluid,AP-274,BASF Bangladesh Limited,Sugarcane,Broad leaf weed & Sedges,2.00 Litre
HERBICIDE,MCPA,U-46-D-Fluid,AP-274,BASF Bangladesh Limited,Tea,Broad leaf weed & Sedges,1.50 Litre
HERBICIDE,MCPA,Agroxone,AP-443,Syngenta Bangladesh Limited,Rice,Broad leaf weed & Sedges,1.50 Litre
HERBICIDE,MCPA,Agroxone,AP-443,Syngenta Bangladesh Limited,Sugarcane,Broad leaf weed & Sedges,1.50 Litre
HERBICIDE,MCPA,Agroxone,AP-443,Syngenta Bangladesh Limited,Tea,Broad leaf weed & Sedges,1.50 Litre
HERBICIDE,Oxadiargyl,Topstar 400 SC,AP-245,Bayer CropScience Limited,Rice,Annual grasses,75-100 ml
HERBICIDE,Oxadiargyl,Topstar 400 SC,AP-245,Bayer CropScience Limited,Rice,Sedges,75-100 ml
HERBICIDE,Oxadiargyl,Topstar 400 SC,AP-245,Bayer CropScience Limited,Rice,Broad leaf weed,75-100 ml
HERBICIDE,Oxadiargyl,Topstar 400 SC,AP-245,Bayer CropScience Limited,Onion,Annual grasses,75-100 ml
HERBICIDE,Oxadiargyl,Topstar 400 SC,AP-245,Bayer CropScience Limited,Onion,Sedges,75-100 ml
HERBICIDE,Oxadiargyl,Topstar 400 SC,AP-245,Bayer CropScience Limited,Onion,Broad leaf weed,75-100 ml
HERBICIDE,Oxadiargyl,Star 40 SC,AP-1927,National AgriCare Import & Export Ltd,Rice,Broad leaf & Grass weed,100 ml
HERBICIDE,Oxadiargyl,Star 40 SC,AP-1927,National AgriCare Import & Export Ltd,Rice,Sedge,100 ml
HERBICIDE,Oxadiazon,Ronstar 25 EC,AP-144,Bayer CropScience Limited,Rice,Broad leaf & Sedges,2.00 Litre
HERBICIDE,Oxadiazon,Ronstar 25 EC,AP-144,Bayer CropScience Limited,Rice,Annual grasses,2.00 Litre
HERBICIDE,Oxadiazon,Roxon 25 EC,AP-454,Auto Crop Care Limited,Rice,Broad leaf & Sedges,2.00 Litre
HERBICIDE,Oxadiazon,Roxon 25 EC,AP-454,Auto Crop Care Limited,Rice,Annual grasses,2.00 Litre
HERBICIDE,Oxadiazon,Oxagold 25 EC,AP-505,Agrimax Bangladesh Limited,Rice,Broad leaf & Sedges,2.00 Litre
HERBICIDE,Oxadiazon,Oxagold 25 EC,AP-505,Agrimax Bangladesh Limited,Rice,Annual grasses,2.00 Litre
HERBICIDE,Oxadiazon,Forstar 25 EC,AP-516,Shetu Pesticides Limited,Rice,Broad leaf & Sedges,2.00 Litre
HERBICIDE,Oxadiazon,Forstar 25 EC,AP-516,Shetu Pesticides Limited,Rice,Annual grasses,2.00 Litre
HERBICIDE,Oxadiazon,M-Star 25 EC,AP-612,McDonald Bangladesh (Pvt) Limited,Rice,Broad leaf & Sedges,2.00 Litre
HERBICIDE,Oxadiazon,M-Star 25 EC,AP-612,McDonald Bangladesh (Pvt) Limited,Rice,Annual grasses,2.00 Litre
HERBICIDE,Oxadiazon,Rone 25 EC,AP-708,Asia Trade International,Rice,Broad leaf & Sedges,2.00 Litre
HERBICIDE,Oxadiazon,Rone 25 EC,AP-708,Asia Trade International,Rice,Annual grasses,2.00 Litre
HERBICIDE,Oxadiazon,D-Star 25 EC,AP-806,Dreamland Agro Products,Rice,Broad leaf & Sedges,2.00 Litre
HERBICIDE,Oxadiazon,D-Star 25 EC,AP-806,Dreamland Agro Products,Rice,Annual grasses,2.00 Litre
HERBICIDE,Oxadiazon,Greenstar 25 EC,AP-863,Atherton Imbros Company Limited,Rice,Broad leaf & Sedges,2.00 Litre
HERBICIDE,Oxadiazon,Greenstar 25 EC,AP-863,Atherton Imbros Company Limited,Rice,Annual grasses,2.00 Litre
HERBICIDE,Oxadiazon,Zonstar 25 EC,AP-1055,Omnichem Limited,Rice,Broad leaf & Sedges,2.00 Litre
HERBICIDE,Oxadiazon,Zonstar 25 EC,AP-1055,Omnichem Limited,Rice,Annual grasses,2.00 Litre
HERBICIDE,Oxyfluorfen,Goal 23.5 EC,AP-145,Auto Crop Care Limited,Tea,Annual grasses & Broad leaf weeds,750-1000 ml
HERBICIDE,Oxyfluorfen,Shupershot 23.5 EC,AP-455,ACI Formulations Limited,Tea,Annual grasses & Broad leaf weeds,750-1000 ml
HERBICIDE,Oxyfluorfen,Target 24 EC,AP-506,Asia Trade International,Tea,Annual grasses & Broad leaf weeds,750-1000 ml
HERBICIDE,Oxyfluorfen,Parashot 24 EC,AP-1778,Padma Agro Sprayers Co.,Tea,Annual grasses & Broad leaf weeds,750-1000 ml
HERBICIDE,Pendimethalin,Panida 33 EC,AP-1890,United Phosphorus (Bangladesh) Ltd,Onion,Annual Grass & Broad leaf,2.00 Litre
HERBICIDE,Pendimethalin,Cleanleaf 33 EC,AP-2532,Haychem (Bangladesh) Limited,Onion,Annual grasses & Sedges,2.00 Litre
HERBICIDE,Pendimethalin,Cleanleaf 33 EC,AP-2532,Haychem (Bangladesh) Limited,Onion,Broad leaf weed,2.00 Litre
HERBICIDE,Pendimethalin,Pendicure 33 EC,AP-2770,Agro Chem Agribusiness,Onion,Annual grasses & Sedges,2.00 Litre
HERBICIDE,Pendimethalin,Pendicure 33 EC,AP-2770,Agro Chem Agribusiness,Onion,Broad leaf weed,2.00 Litre
HERBICIDE,Penoxsulam,Rainbow 25 OD,AP-2272,Petrochem (Bangladesh) Limited,Rice,Broad leaf & Sedges,100 ml
HERBICIDE,Pretilachlor,Rifit 500 EC,AP-382,Syngenta Bangladesh Limited,Rice,Annual grasses & Sedges,1.00 Litre
HERBICIDE,Pretilachlor,Rifit 500 EC,AP-382,Syngenta Bangladesh Limited,Rice,Broad leaf weed,1.00 Litre
HERBICIDE,Pretilachlor,Topfit 500 EC,AP-1147,National AgriCare Import & Export Ltd,Rice,Annual grasses & Sedges,1.00 Litre
HERBICIDE,Pretilachlor,Topfit 500 EC,AP-1147,National AgriCare Import & Export Ltd,Rice,Broad leaf weed,1.00 Litre
HERBICIDE,Pretilachlor,Bicofit 500 EC,AP-1614,Bismillah Corporation Limited,Rice,Annual grasses & Sedges,1.00 Litre
HERBICIDE,Pretilachlor,Bicofit 500 EC,AP-1614,Bismillah Corporation Limited,Rice,Broad leaf weed,1.00 Litre
HERBICIDE,Pyrazosulfuron-ethyl,Clean-Up 10 WP,AP-2115,ACI Limited,Rice,Broad leaf & Sedge,150 gm
HERBICIDE,Pyrazosulfuron-ethyl,C-Clean 10 WP,AP-2509,Assign Crop Care Limited,Rice,Broad leaf & Sedge,150 gm
HERBICIDE,Pyrazosulfuron-ethyl,Weedstar 10 WP,AP-2510,Krishan Agro Chemicals,Rice,Broad leaf & Sedge,150 gm
HERBICIDE,Pyrazosulfuron-ethyl,Weednil 10 WP,AP-2511,Retina Agro Chemicals,Rice,Broad leaf & Sedge,150 gm
HERBICIDE,Pyrazosulfuron-ethyl,K-Clean 10 WP,AP-2512,Kohinoor Agro Chemical,Rice,Broad leaf & Sedge,150 gm
HERBICIDE,Pyrazosulfuron-ethyl,Purasulf 10 WP,AP-2513,Alpha Agro Limited,Rice,Broad leaf & Sedge,150 gm
HERBICIDE,Pyrazosulfuron-ethyl,Siamclean 10 WP,AP-2514,Siam Crop Care,Rice,Broad leaf & Sedge,150 gm
HERBICIDE,Pyrazosulfuron-ethyl,Surasulf 10 WP,AP-2515,Surovi Agro Industries Limited,Rice,Broad leaf & Sedge,150 gm
HERBICIDE,Pyrazosulfuron-ethyl,Clean Fast 10 WP,AP-2516,Padma Agro Sprayers Co.,Rice,Broad leaf & Sedge,150 gm
HERBICIDE,Pyrazosulfuron-ethyl,E-Clean 10 WP,AP-2517,East West Crop Science Limited,Rice,Broad leaf & Sedge,150 gm
HERBICIDE,Pyrazosulfuron-ethyl,Pacesulf 10 WP,AP-2777,Pace Agro International,Rice,Broad leaf & Sedge,150 gm
HERBICIDE,Pyrazosulfuron-ethyl,Agroclean 10 WP,AP-3140,Aama Green Care,Rice,Broad leaf & Sedge,150 gm
HERBICIDE,Pyrazosulfuron-ethyl,D Clean 10 WP,AP-3216,Delco Agro Industries,Rice,Broad leaf & Sedge,150 gm
HERBICIDE,Pyrazosulfuron-ethyl,L Clean 10 WP,AP-3219,Lily Traders,Rice,Broad leaf & Sedge,150 gm
HERBICIDE,Pyrazosulfuron-ethyl,Sahaclean 10 WP,AP-3220,Shahjalal Agro Industries,Rice,Broad leaf & Sedge,150 gm
HERBICIDE,Pyrazosulfuron-ethyl,Cobclean 10 WP,AP-3227,Cobra Agro Chemical Industries,Rice,Broad leaf & Sedge,150 gm
HERBICIDE,Quinclorac,Facet 25 SC,AP-207,BASF Bangladesh Limited,Rice,Barnyard Grass & other weeds,1.00 Litre
HERBICIDE,Quinclorac,Facet 25 SC,AP-207,BASF Bangladesh Limited,Rice,Broad leaf weed,1.00 Litre
HERBICIDE,Triasulfuron,Logran 20 WG,AP-500,Syngenta Bangladesh Limited,Rice,Broad leaf & Sedges,50 gm
HERBICIDE,Triasulfuron,Logran 20 WG,AP-500,Syngenta Bangladesh Limited,Rice,Broad leaf & Sedges,50 gm
BIO-PESTICIDE,Bacillus thuringiensis,Bactospeine WP,AP-2270,Omnichem Limited,Cabbage,Diamond Back Moth,0.50 Kg
BIO-PESTICIDE,Bacillus thuringiensis,Bactospeine WP,AP-2270,Omnichem Limited,Cauliflower,Diamond Back Moth,0.50 Kg
BIO-PESTICIDE,Beauveria bassiana,B-Bassiana 1.15% WP,AP-2268,National AgriCare Import & Export Ltd,Brinjal,Brinjal Shoot & Fruit Borer,2 gm/Litre of water
BIO-PESTICIDE,Nuclear Polyhedrosis Virus (NPV),Spodo-NPV,AP-2269,Omnichem Limited,Tomato,Fruit borer,0.2-0.4 ml/Litre of water
BIO-PESTICIDE,Paecilomyces fumosoroseus,P-Fumosoroseus 1.15% WP,AP-2266,National AgriCare Import & Export Ltd,Brinjal,Brinjal Shoot & Fruit Borer,2 gm/Litre of water
BIO-PESTICIDE,Paecilomyces lilacinus,Bioderma 0.7% WP,AP-2265,Auto Crop Care Limited,Tomato,Root knot nematode,10 gm/plant
BIO-PESTICIDE,Paecilomyces lilacinus,Bioderma 0.7% WP,AP-2265,Auto Crop Care Limited,Eggplant,Root knot nematode,10 gm/plant
BIO-PESTICIDE,Paecilomyces lilacinus,P-Lilacinus 1% WP,AP-2267,National AgriCare Import & Export Ltd,Brinjal,Root Knot Nematode,10 gm/plant
BIO-PESTICIDE,Trichoderma harzianum,Tricho-derma 0.7% WP,AP-2264,Auto Crop Care Limited,Eggplant,"Damping off, Foot rot & Collar rot",10 gm/Kg seed
BIO-PESTICIDE,Trichoderma harzianum,Tricho-derma 0.7% WP,AP-2264,Auto Crop Care Limited,Eggplant,Root rot,10 gm/plant
BIO-PESTICIDE,Trichoderma harzianum,Tricho-derma 0.7% WP,AP-2264,Auto Crop Care Limited,Potato,Late blight,10 gm/plant
BIO-PESTICIDE,Trichoderma viride,Bio-Care,AP-2271,Green Care Bangladesh,Cabbage,Cabbage caterpillar,1.00 Litre
BIO-PESTICIDE,Trichoderma viride,Bio-Care,AP-2271,Green Care Bangladesh,Cauliflower,Cabbage caterpillar,1.00 Litre
BIO-PESTICIDE,Trichoderma viride,Bio-Care,AP-2271,Green Care Bangladesh,Brinjal,Fruit borer,1.00 Litre
BIO-PESTICIDE,Trichoderma viride,Bio-Care,AP-2271,Green Care Bangladesh,Lady's finger,Fruit borer,1.00 Litre
BIO-PESTICIDE,Trichoderma viride,Bio-Care,AP-2271,Green Care Bangladesh,Chili,Fruit borer,1.00 Litre
BIO-PESTICIDE,Trichoderma viride,Bio-Care,AP-2271,Green Care Bangladesh,Bean,Pod borer,1.00 Litre
RODENTICIDE,Bromadiolone,Lanirat,AP-180,Chemolimpex Agro Limited,Store & Field,Rats & Mice,0.005% bait
RODENTICIDE,Bromadiolone,Lanirat,AP-180,Chemolimpex Agro Limited,Houses & Godowns,Rats & Mice,0.005% bait
RODENTICIDE,Zinc Phosphide,Agrozp,AP-667,Haychem (Bangladesh) Limited,Store,Rodent,2.5% bait
RODENTICIDE,Zinc Phosphide,Agrozp,AP-667,Haychem (Bangladesh) Limited,Field,Rodent,2.5% bait
RODENTICIDE,Zinc Phosphide,Zinc Phosphide,AP-864,Petrochem (Bangladesh) Limited,Store & Field,Rodent,2.5% bait
RODENTICIDE,Zinc Phosphide,Shindphos,AP-865,Omnichem Limited,Store & Field,Rodent,2.5% bait
RODENTICIDE,Zinc Phosphide,Ratol,AP-866,Chemolimpex Agro Limited,Store & Field,Rodent,2.5% bait
RODENTICIDE,Zinc Phosphide,Ratox,AP-867,Auto Crop Care Limited,Store & Field,Rodent,2.5% bait
STORED GRAIN PEST,Aluminium phosphide,Gastoxin,AP-247,Petrochem (Bangladesh) Limited,Warehouse,Stored grain pests,1-2 tablets/ton
STORED GRAIN PEST,Aluminium phosphide,Quickphos,AP-356,Chemolimpex Agro Limited,Warehouse,Stored grain pests,1-2 tablets/ton
STORED GRAIN PEST,Aluminium phosphide,Phostoxin,AP-376,ACI Formulations Limited,Warehouse,Stored grain pests,1-2 tablets/ton
STORED GRAIN PEST,Aluminium phosphide,Celphos,AP-529,Auto Crop Care Limited,Warehouse,Stored grain pests,1-2 tablets/ton
STORED GRAIN PEST,Aluminium phosphide,Alphos,AP-1615,Alpha Agro Limited,Warehouse,Stored grain pests,1-2 tablets/ton
STORED GRAIN PEST,Aluminium phosphide,Aciphos,AP-1779,Assign Crop Care Limited,Warehouse,Stored grain pests,1-2 tablets/ton
STORED GRAIN PEST,Aluminium phosphide,Synphos,AP-2263,Syngenta Bangladesh Limited,Warehouse,Stored grain pests,1-2 tablets/ton
STORED GRAIN PEST,Aluminium phosphide,Shaphos,AP-2432,Shamuk Agro Care,Warehouse,Stored grain pests,1-2 tablets/ton
STORED GRAIN PEST,Aluminium phosphide,Kingphos,AP-2433,Padma Agro Sprayers Co.,Warehouse,Stored grain pests,1-2 tablets/ton
STORED GRAIN PEST,Aluminium phosphide,Phostoxin,AP-3083,FMC Bangladesh Private Limited,Warehouse,Stored grain pests,1-2 tablets/ton
